id,name,asins,brand,categories,keys,manufacturer,reviews.date,reviews.dateAdded,reviews.dateSeen,reviews.didPurchase,reviews.doRecommend,reviews.id,reviews.numHelpful,reviews.rating,reviews.sourceURLs,reviews.text,reviews.title,reviews.userCity,reviews.userProvince,reviews.username
AVqkIhwDv8e3D1O-lebb,"All-New Fire HD 8 Tablet, 8 HD Display, Wi-Fi, 16 GB - Includes Special Offers, Magenta",B01AHB9CN2,Amazon,"Electronics,iPad & Tablets,All Tablets,Fire Tablets,Tablets,Computers & Tablets","841667104676,amazon/53004484,amazon/b01ahb9cn2,0841667104676,allnewfirehd8tablet8hddisplaywifi16gbincludesspecialoffersmagenta/5620406,allnewfirehd8tablet8hddisplaywifi16gbincludesspecialoffersmagenta/b01ahb9cn2",Amazon,2017-01-13T00:00:00.000Z,2017-07-03T23:33:15Z,"2017-06-07T09:04:00.000Z,2017-04-30T00:45:00.000Z",,TRUE,,0,5,"http://reviews.bestbuy.com/3545/5620406/reviews.htm?format=embedded&page=200,http://reviews.bestbuy.com/3545/5620406/reviews.htm?format=embedded&page=166",This product so far has not disappointed. My children love to use it and I like the ability to monitor control what content they see with ease.,Kindle,,,Adapter
AVqkIhwDv8e3D1O-lebb,"All-New Fire HD 8 Tablet, 8 HD Display, Wi-Fi, 16 GB - Includes Special Offers, Magenta",B01AHB9CN2,Amazon,"Electronics,iPad & Tablets,All Tablets,Fire Tablets,Tablets,Computers & Tablets","841667104676,amazon/53004484,amazon/b01ahb9cn2,0841667104676,allnewfirehd8tablet8hddisplaywifi16gbincludesspecialoffersmagenta/5620406,allnewfirehd8tablet8hddisplaywifi16gbincludesspecialoffersmagenta/b01ahb9cn2",Amazon,2017-01-13T00:00:00.000Z,2017-07-03T23:33:15Z,"2017-06-07T09:04:00.000Z,2017-04-30T00:45:00.000Z",,TRUE,,0,5,"http://reviews.bestbuy.com/3545/5620406/reviews.htm?format=embedded&page=200,http://reviews.bestbuy.com/3545/5620406/reviews.htm?format=embedded&page=167",great for beginner or experienced person. Bought as a gift and she loves it,very fast,,,truman
AVqkIhwDv8e3D1O-lebb,"All-New Fire HD 8 Tablet, 8 HD Display, Wi-Fi, 16 GB - Includes Special Offers, Magenta",B01AHB9CN2,Amazon,"Electronics,iPad & Tablets,All Tablets,Fire Tablets,Tablets,Computers & Tablets","841667104676,amazon/53004484,amazon/b01ahb9cn2,0841667104676,allnewfirehd8tablet8hddisplaywifi16gbincludesspecialoffersmagenta/5620406,allnewfirehd8tablet8hddisplaywifi16gbincludesspecialoffersmagenta/b01ahb9cn2",Amazon,2017-01-13T00:00:00.000Z,2017-07-03T23:33:15Z,"2017-06-07T09:04:00.000Z,2017-04-30T00:45:00.000Z",,TRUE,,0,5,"http://reviews.bestbuy.com/3545/5620406/reviews.htm?format=embedded&page=200,http://reviews.bestbuy.com/3545/5620406/reviews.htm?format=embedded&page=167","Inexpensive tablet for him to use and learn on, step up from the NABI. He was thrilled with it, learn how to Skype on it already...",Beginner tablet for our 9 year old son.,,,DaveZ
AVqkIhwDv8e3D1O-lebb,"All-New Fire HD 8 Tablet, 8 HD Display, Wi-Fi, 16 GB - Includes Special Offers, Magenta",B01AHB9CN2,Amazon,"Electronics,iPad & Tablets,All Tablets,Fire Tablets,Tablets,Computers & Tablets","841667104676,amazon/53004484,amazon/b01ahb9cn2,0841667104676,allnewfirehd8tablet8hddisplaywifi16gbincludesspecialoffersmagenta/5620406,allnewfirehd8tablet8hddisplaywifi16gbincludesspecialoffersmagenta/b01ahb9cn2",Amazon,2017-01-13T00:00:00.000Z,2017-07-03T23:33:15Z,"2017-06-07T09:04:00.000Z,2017-04-30T00:45:00.000Z",,TRUE,,0,4,"http://reviews.bestbuy.com/3545/5620406/reviews.htm?format=embedded&page=200,http://reviews.bestbuy.com/3545/5620406/reviews.htm?format=embedded&page=167",I've had my Fire HD 8 two weeks now and I love it. This tablet is a great value.We are Prime Members and that is where this tablet SHINES. I love being able to easily access all of the Prime content as well as movies you can download and watch laterThis has a 1280/800 screen which has some really nice look to it its nice and crisp and very bright infact it is brighter then the ipad pro costing $900 base model. The build on this fire is INSANELY AWESOME running at only 7.7mm thick and the smooth glossy feel on the back it is really amazing to hold its like the futuristic tab in ur hands.,Good!!!,,,Shacks
AVqkIhwDv8e3D1O-lebb,"All-New Fire HD 8 Tablet, 8 HD Display, Wi-Fi, 16 GB - Includes Special Offers, Magenta",B01AHB9CN2,Amazon,"Electronics,iPad & Tablets,All Tablets,Fire Tablets,Tablets,Computers & Tablets","841667104676,amazon/53004484,amazon/b01ahb9cn2,0841667104676,allnewfirehd8tablet8hddisplaywifi16gbincludesspecialoffersmagenta/5620406,allnewfirehd8tablet8hddisplaywifi16gbincludesspecialoffersmagenta/b01ahb9cn2",Amazon,2017-01-12T00:00:00.000Z,2017-07-03T23:33:15Z,"2017-06-07T09:04:00.000Z,2017-04-30T00:45:00.000Z",,TRUE,,0,5,"http://reviews.bestbuy.com/3545/5620406/reviews.htm?format=embedded&page=200,http://reviews.bestbuy.com/3545/5620406/reviews.htm?format=embedded&page=167","I bought this for my grand daughter when she comes over to visit. I set it up with her as the user, entered her age and name and now Amazon makes sure that she only accesses sites and content that are appropriate to her age. Simple to do and she loves the capabilities. I also bought and installed a 64gig SD card which gives this little tablet plenty of storage. For the price I think this tablet is best one out there. You can spend hundreds of dollars more for additional speed and capacity but when it comes to the basics this tablets does everything that most people will ever need at a fraction of the cost.",Fantastic Tablet for kids,,,explore42
AVqkIhwDv8e3D1O-lebb,"All-New Fire HD 8 Tablet, 8 HD Display, Wi-Fi, 16 GB - Includes Special Offers, Magenta",B01AHB9CN2,Amazon,"Electronics,iPad & Tablets,All Tablets,Fire Tablets,Tablets,Computers & Tablets","841667104676,amazon/53004484,amazon/b01ahb9cn2,0841667104676,allnewfirehd8tablet8hddisplaywifi16gbincludesspecialoffersmagenta/5620406,allnewfirehd8tablet8hddisplaywifi16gbincludesspecialoffersmagenta/b01ahb9cn2",Amazon,2017-01-12T00:00:00.000Z,2017-07-03T23:33:15Z,"2017-06-07T09:04:00.000Z,2017-04-30T00:45:00.000Z",,TRUE,,0,5,"http://reviews.bestbuy.com/3545/5620406/reviews.htm?format=embedded&page=200,http://reviews.bestbuy.com/3545/5620406/reviews.htm?format=embedded&page=167",This amazon fire 8 inch tablet is the perfect size. I purchased it for my husband so that he has a bigger screen than just his phone. He had gotten me one a few years ago so I knew it would be a good purchase.,Just what we expected,,,tklit
AVqkIhwDv8e3D1O-lebb,"All-New Fire HD 8 Tablet, 8 HD Display, Wi-Fi, 16 GB - Includes Special Offers, Magenta",B01AHB9CN2,Amazon,"Electronics,iPad & Tablets,All Tablets,Fire Tablets,Tablets,Computers & Tablets","841667104676,amazon/53004484,amazon/b01ahb9cn2,0841667104676,allnewfirehd8tablet8hddisplaywifi16gbincludesspecialoffersmagenta/5620406,allnewfirehd8tablet8hddisplaywifi16gbincludesspecialoffersmagenta/b01ahb9cn2",Amazon,2017-01-12T00:00:00.000Z,2017-07-03T23:33:15Z,"2017-06-07T09:04:00.000Z,2017-04-30T00:45:00.000Z",,TRUE,,0,4,"http://reviews.bestbuy.com/3545/5620406/reviews.htm?format=embedded&page=200,http://reviews.bestbuy.com/3545/5620406/reviews.htm?format=embedded&page=167","Great for e-reading on the go, nice and light weight, and for the price point given, definitely worth the purchase.",great e-reader tablet,,,Droi
AVqkIhwDv8e3D1O-lebb,"All-New Fire HD 8 Tablet, 8 HD Display, Wi-Fi, 16 GB - Includes Special Offers, Magenta",B01AHB9CN2,Amazon,"Electronics,iPad & Tablets,All Tablets,Fire Tablets,Tablets,Computers & Tablets","841667104676,amazon/53004484,amazon/b01ahb9cn2,0841667104676,allnewfirehd8tablet8hddisplaywifi16gbincludesspecialoffersmagenta/5620406,allnewfirehd8tablet8hddisplaywifi16gbincludesspecialoffersmagenta/b01ahb9cn2",Amazon,2017-01-12T00:00:00.000Z,2017-07-03T23:33:15Z,"2017-06-07T09:04:00.000Z,2017-04-30T00:45:00.000Z",,TRUE,,0,5,"http://reviews.bestbuy.com/3545/5620406/reviews.htm?format=embedded&page=200,http://reviews.bestbuy.com/3545/5620406/reviews.htm?format=embedded&page=167","I gave this as a Christmas gift to my inlaws, husband and uncle. They loved it and how easy they are to use with fantastic features!",Great for gifts,,,Kacy
AVqkIhwDv8e3D1O-lebb,"All-New Fire HD 8 Tablet, 8 HD Display, Wi-Fi, 16 GB - Includes Special Offers, Magenta",B01AHB9CN2,Amazon,"Electronics,iPad & Tablets,All Tablets,Fire Tablets,Tablets,Computers & Tablets","841667104676,amazon/53004484,amazon/b01ahb9cn2,0841667104676,allnewfirehd8tablet8hddisplaywifi16gbincludesspecialoffersmagenta/5620406,allnewfirehd8tablet8hddisplaywifi16gbincludesspecialoffersmagenta/b01ahb9cn2",Amazon,2017-01-23T00:00:00.000Z,2017-07-03T23:28:24Z,"2017-06-07T09:04:00.000Z,2017-04-30T00:44:00.000Z",,TRUE,,0,5,"http://reviews.bestbuy.com/3545/5620406/reviews.htm?format=embedded&page=154,http://reviews.bestbuy.com/3545/5620406/reviews.htm?format=embedded&page=120","Great as a device to read books. I like that it links with my borrowed library e-books. Switched from another popular tablet brand and I am happy with the choice I made. It took some time to get books from my previous non-Kindle reader, but finally figured out a way!",Great for reading,,,Weebee
AVqkIhwDv8e3D1O-lebb,"All-New Fire HD 8 Tablet, 8 HD Display, Wi-Fi, 16 GB - Includes Special Offers, Magenta",B01AHB9CN2,Amazon,"Electronics,iPad & Tablets,All Tablets,Fire Tablets,Tablets,Computers & Tablets","841667104676,amazon/53004484,amazon/b01ahb9cn2,0841667104676,allnewfirehd8tablet8hddisplaywifi16gbincludesspecialoffersmagenta/5620406,allnewfirehd8tablet8hddisplaywifi16gbincludesspecialoffersmagenta/b01ahb9cn2",Amazon,2017-01-23T00:00:00.000Z,2017-07-03T23:28:24Z,"2017-06-07T09:04:00.000Z,2017-04-30T00:44:00.000Z",,TRUE,,0,5,"http://reviews.bestbuy.com/3545/5620406/reviews.htm?format=embedded&page=154,http://reviews.bestbuy.com/3545/5620406/reviews.htm?format=embedded&page=121",I love ordering books and reading them with the reader.,Great and lightweight reader,,,RoboBob
AVqkIhwDv8e3D1O-lebb,"All-New Fire HD 8 Tablet, 8 HD Display, Wi-Fi, 16 GB - Includes Special Offers, Magenta",B01AHB9CN2,Amazon,"Electronics,iPad & Tablets,All Tablets,Fire Tablets,Tablets,Computers & Tablets","841667104676,amazon/53004484,amazon/b01ahb9cn2,0841667104676,allnewfirehd8tablet8hddisplaywifi16gbincludesspecialoffersmagenta/5620406,allnewfirehd8tablet8hddisplaywifi16gbincludesspecialoffersmagenta/b01ahb9cn2",Amazon,2017-01-23T00:00:00.000Z,2017-07-03T23:28:24Z,"2017-06-07T09:04:00.000Z,2017-04-30T00:44:00.000Z",,TRUE,,0,4,"http://reviews.bestbuy.com/3545/5620406/reviews.htm?format=embedded&page=154,http://reviews.bestbuy.com/3545/5620406/reviews.htm?format=embedded&page=121",Not easy for elderly users cease of ads that pop up.,nice tablet for the price,,,tld2
AVqkIhwDv8e3D1O-lebb,"All-New Fire HD 8 Tablet, 8 HD Display, Wi-Fi, 16 GB - Includes Special Offers, Magenta",B01AHB9CN2,Amazon,"Electronics,iPad & Tablets,All Tablets,Fire Tablets,Tablets,Computers & Tablets","841667104676,amazon/53004484,amazon/b01ahb9cn2,0841667104676,allnewfirehd8tablet8hddisplaywifi16gbincludesspecialoffersmagenta/5620406,allnewfirehd8tablet8hddisplaywifi16gbincludesspecialoffersmagenta/b01ahb9cn2",Amazon,2017-01-23T00:00:00.000Z,2017-07-03T23:28:24Z,"2017-06-07T09:04:00.000Z,2017-04-30T00:44:00.000Z",,TRUE,,0,5,"http://reviews.bestbuy.com/3545/5620406/reviews.htm?format=embedded&page=154,http://reviews.bestbuy.com/3545/5620406/reviews.htm?format=embedded&page=121","Excellent product. Easy to use, large screen makes watching movies and reading easier.",Excellent product,,,ralexander422
AVqkIhwDv8e3D1O-lebb,"All-New Fire HD 8 Tablet, 8 HD Display, Wi-Fi, 16 GB - Includes Special Offers, Magenta",B01AHB9CN2,Amazon,"Electronics,iPad & Tablets,All Tablets,Fire Tablets,Tablets,Computers & Tablets","841667104676,amazon/53004484,amazon/b01ahb9cn2,0841667104676,allnewfirehd8tablet8hddisplaywifi16gbincludesspecialoffersmagenta/5620406,allnewfirehd8tablet8hddisplaywifi16gbincludesspecialoffersmagenta/b01ahb9cn2",Amazon,2017-01-23T00:00:00.000Z,2017-07-03T23:28:24Z,"2017-06-07T09:04:00.000Z,2017-04-30T00:44:00.000Z",,TRUE,,0,4,"http://reviews.bestbuy.com/3545/5620406/reviews.htm?format=embedded&page=154,http://reviews.bestbuy.com/3545/5620406/reviews.htm?format=embedded&page=121",Wanted my father to have his first tablet and this is a very good value. He can watch movies and play a few games. Easy enough for him to use.,Great Value,,,RegE
AVqkIhwDv8e3D1O-lebb,"All-New Fire HD 8 Tablet, 8 HD Display, Wi-Fi, 16 GB - Includes Special Offers, Magenta",B01AHB9CN2,Amazon,"Electronics,iPad & Tablets,All Tablets,Fire Tablets,Tablets,Computers & Tablets","841667104676,amazon/53004484,amazon/b01ahb9cn2,0841667104676,allnewfirehd8tablet8hddisplaywifi16gbincludesspecialoffersmagenta/5620406,allnewfirehd8tablet8hddisplaywifi16gbincludesspecialoffersmagenta/b01ahb9cn2",Amazon,2017-01-23T00:00:00.000Z,2017-07-03T23:28:24Z,"2017-06-07T09:04:00.000Z,2017-04-30T00:44:00.000Z",,TRUE,,0,5,"http://reviews.bestbuy.com/3545/5620406/reviews.htm?format=embedded&page=154,http://reviews.bestbuy.com/3545/5620406/reviews.htm?format=embedded&page=121",Simply does everything I need. Thank youAnd silk works wonders,Excellect,,,TommyL
AVqkIhwDv8e3D1O-lebb,"All-New Fire HD 8 Tablet, 8 HD Display, Wi-Fi, 16 GB - Includes Special Offers, Magenta",B01AHB9CN2,Amazon,"Electronics,iPad & Tablets,All Tablets,Fire Tablets,Tablets,Computers & Tablets","841667104676,amazon/53004484,amazon/b01ahb9cn2,0841667104676,allnewfirehd8tablet8hddisplaywifi16gbincludesspecialoffersmagenta/5620406,allnewfirehd8tablet8hddisplaywifi16gbincludesspecialoffersmagenta/b01ahb9cn2",Amazon,2017-01-23T00:00:00.000Z,2017-07-03T23:28:24Z,"2017-06-07T09:04:00.000Z,2017-04-30T00:44:00.000Z",,TRUE,,0,5,"http://reviews.bestbuy.com/3545/5620406/reviews.htm?format=embedded&page=154,http://reviews.bestbuy.com/3545/5620406/reviews.htm?format=embedded&page=121",Got it as a present and love the size of the screen,Living It,,,Teacheeor
AVqkIhwDv8e3D1O-lebb,"All-New Fire HD 8 Tablet, 8 HD Display, Wi-Fi, 16 GB - Includes Special Offers, Magenta",B01AHB9CN2,Amazon,"Electronics,iPad & Tablets,All Tablets,Fire Tablets,Tablets,Computers & Tablets","841667104676,amazon/53004484,amazon/b01ahb9cn2,0841667104676,allnewfirehd8tablet8hddisplaywifi16gbincludesspecialoffersmagenta/5620406,allnewfirehd8tablet8hddisplaywifi16gbincludesspecialoffersmagenta/b01ahb9cn2",Amazon,2017-01-23T00:00:00.000Z,2017-07-03T23:28:24Z,"2017-06-07T09:04:00.000Z,2017-04-30T00:44:00.000Z",,TRUE,,0,5,"http://reviews.bestbuy.com/3545/5620406/reviews.htm?format=embedded&page=154,http://reviews.bestbuy.com/3545/5620406/reviews.htm?format=embedded&page=121","The kindle is easiest to use, graphics and screen crisp, clear, brilliant colors.",Favorite of any tablet,,,BudVette
AVqkIhwDv8e3D1O-lebb,"All-New Fire HD 8 Tablet, 8 HD Display, Wi-Fi, 16 GB - Includes Special Offers, Magenta",B01AHB9CN2,Amazon,"Electronics,iPad & Tablets,All Tablets,Fire Tablets,Tablets,Computers & Tablets","841667104676,amazon/53004484,amazon/b01ahb9cn2,0841667104676,allnewfirehd8tablet8hddisplaywifi16gbincludesspecialoffersmagenta/5620406,allnewfirehd8tablet8hddisplaywifi16gbincludesspecialoffersmagenta/b01ahb9cn2",Amazon,2017-01-24T00:00:00.000Z,2017-07-03T23:27:54Z,"2017-06-07T09:04:00.000Z,2017-04-30T00:44:00.000Z",,TRUE,,0,4,"http://reviews.bestbuy.com/3545/5620406/reviews.htm?format=embedded&page=145,http://reviews.bestbuy.com/3545/5620406/reviews.htm?format=embedded&page=111",nice reader. almost perfect for what i want/need. good bargain,good,,,Linda
AVqkIhwDv8e3D1O-lebb,"All-New Fire HD 8 Tablet, 8 HD Display, Wi-Fi, 16 GB - Includes Special Offers, Magenta",B01AHB9CN2,Amazon,"Electronics,iPad & Tablets,All Tablets,Fire Tablets,Tablets,Computers & Tablets","841667104676,amazon/53004484,amazon/b01ahb9cn2,0841667104676,allnewfirehd8tablet8hddisplaywifi16gbincludesspecialoffersmagenta/5620406,allnewfirehd8tablet8hddisplaywifi16gbincludesspecialoffersmagenta/b01ahb9cn2",Amazon,2017-01-24T00:00:00.000Z,2017-07-03T23:27:54Z,"2017-06-07T09:04:00.000Z,2017-04-30T00:44:00.000Z",,TRUE,,0,4,"http://reviews.bestbuy.com/3545/5620406/reviews.htm?format=embedded&page=145,http://reviews.bestbuy.com/3545/5620406/reviews.htm?format=embedded&page=112",I really like this tablet. I would have given 5 stars but sometimes you have to push start several times after you unlock the screen and it is a little annoying.,Nice Tablet for the Price,,,BestBuyLover
AVqkIhwDv8e3D1O-lebb,"All-New Fire HD 8 Tablet, 8 HD Display, Wi-Fi, 16 GB - Includes Special Offers, Magenta",B01AHB9CN2,Amazon,"Electronics,iPad & Tablets,All Tablets,Fire Tablets,Tablets,Computers & Tablets","841667104676,amazon/53004484,amazon/b01ahb9cn2,0841667104676,allnewfirehd8tablet8hddisplaywifi16gbincludesspecialoffersmagenta/5620406,allnewfirehd8tablet8hddisplaywifi16gbincludesspecialoffersmagenta/b01ahb9cn2",Amazon,2017-01-24T00:00:00.000Z,2017-07-03T23:27:54Z,"2017-06-07T09:04:00.000Z,2017-04-30T00:44:00.000Z",,TRUE,,0,5,"http://reviews.bestbuy.com/3545/5620406/reviews.htm?format=embedded&page=145,http://reviews.bestbuy.com/3545/5620406/reviews.htm?format=embedded&page=112",Great video quality lots of fun apps fun for the whole family,Great quality tablet,,,Alane
AVqkIhwDv8e3D1O-lebb,"All-New Fire HD 8 Tablet, 8 HD Display, Wi-Fi, 16 GB - Includes Special Offers, Magenta",B01AHB9CN2,Amazon,"Electronics,iPad & Tablets,All Tablets,Fire Tablets,Tablets,Computers & Tablets","841667104676,amazon/53004484,amazon/b01ahb9cn2,0841667104676,allnewfirehd8tablet8hddisplaywifi16gbincludesspecialoffersmagenta/5620406,allnewfirehd8tablet8hddisplaywifi16gbincludesspecialoffersmagenta/b01ahb9cn2",Amazon,2017-01-24T00:00:00.000Z,2017-07-03T23:27:54Z,"2017-06-07T09:04:00.000Z,2017-04-30T00:44:00.000Z",,TRUE,,0,5,"http://reviews.bestbuy.com/3545/5620406/reviews.htm?format=embedded&page=145,http://reviews.bestbuy.com/3545/5620406/reviews.htm?format=embedded&page=112",Love love love my kindle fire 8.....this is what my 9 yr old granddaughter said when I bought this for her at Christmas..we have purchased kindled in the past but this one has been the best....love the fact that you can now use a memory card in it...that helps so much when you use it for books...games...music and viedos...thanks,Kindle fire 8,,,Mynie
AVqkIhwDv8e3D1O-lebb,"All-New Fire HD 8 Tablet, 8 HD Display, Wi-Fi, 16 GB - Includes Special Offers, Magenta",B01AHB9CN2,Amazon,"Electronics,iPad & Tablets,All Tablets,Fire Tablets,Tablets,Computers & Tablets","841667104676,amazon/53004484,amazon/b01ahb9cn2,0841667104676,allnewfirehd8tablet8hddisplaywifi16gbincludesspecialoffersmagenta/5620406,allnewfirehd8tablet8hddisplaywifi16gbincludesspecialoffersmagenta/b01ahb9cn2",Amazon,2017-01-24T00:00:00.000Z,2017-07-03T23:27:54Z,"2017-06-07T09:04:00.000Z,2017-04-30T00:44:00.000Z",,TRUE,,0,5,"http://reviews.bestbuy.com/3545/5620406/reviews.htm?format=embedded&page=145,http://reviews.bestbuy.com/3545/5620406/reviews.htm?format=embedded&page=112","Excellent tablet with nice screen. I wish Amazon would pre install the play store, this would have been perfect.",Excellent reader,,,SeanRyan
AVqkIhwDv8e3D1O-lebb,"All-New Fire HD 8 Tablet, 8 HD Display, Wi-Fi, 16 GB - Includes Special Offers, Magenta",B01AHB9CN2,Amazon,"Electronics,iPad & Tablets,All Tablets,Fire Tablets,Tablets,Computers & Tablets","841667104676,amazon/53004484,amazon/b01ahb9cn2,0841667104676,allnewfirehd8tablet8hddisplaywifi16gbincludesspecialoffersmagenta/5620406,allnewfirehd8tablet8hddisplaywifi16gbincludesspecialoffersmagenta/b01ahb9cn2",Amazon,2017-01-24T00:00:00.000Z,2017-07-03T23:27:54Z,"2017-06-07T09:04:00.000Z,2017-04-30T00:44:00.000Z",,TRUE,,0,5,"http://reviews.bestbuy.com/3545/5620406/reviews.htm?format=embedded&page=145,http://reviews.bestbuy.com/3545/5620406/reviews.htm?format=embedded&page=112","Preloaded with the reading app from Kindle but expandable with other apps. Perfect for travel. Carry your library, games and productivity apps in a small footprint.",Best Tablet Choice,,,jim9311
AVqkIhwDv8e3D1O-lebb,"All-New Fire HD 8 Tablet, 8 HD Display, Wi-Fi, 16 GB - Includes Special Offers, Magenta",B01AHB9CN2,Amazon,"Electronics,iPad & Tablets,All Tablets,Fire Tablets,Tablets,Computers & Tablets","841667104676,amazon/53004484,amazon/b01ahb9cn2,0841667104676,allnewfirehd8tablet8hddisplaywifi16gbincludesspecialoffersmagenta/5620406,allnewfirehd8tablet8hddisplaywifi16gbincludesspecialoffersmagenta/b01ahb9cn2",Amazon,2017-01-24T00:00:00.000Z,2017-07-03T23:27:54Z,"2017-06-07T09:04:00.000Z,2017-04-30T00:44:00.000Z",,TRUE,,0,5,"http://reviews.bestbuy.com/3545/5620406/reviews.htm?format=embedded&page=145,http://reviews.bestbuy.com/3545/5620406/reviews.htm?format=embedded&page=112","Very happy with this product and easy to use..picture is clear, takes great pictures..",Great size..,,,Babym494
AVqkIhwDv8e3D1O-lebb,"All-New Fire HD 8 Tablet, 8 HD Display, Wi-Fi, 16 GB - Includes Special Offers, Magenta",B01AHB9CN2,Amazon,"Electronics,iPad & Tablets,All Tablets,Fire Tablets,Tablets,Computers & Tablets","841667104676,amazon/53004484,amazon/b01ahb9cn2,0841667104676,allnewfirehd8tablet8hddisplaywifi16gbincludesspecialoffersmagenta/5620406,allnewfirehd8tablet8hddisplaywifi16gbincludesspecialoffersmagenta/b01ahb9cn2",Amazon,2017-01-24T00:00:00.000Z,2017-07-03T23:27:54Z,"2017-06-07T09:04:00.000Z,2017-04-30T00:44:00.000Z",,TRUE,,0,5,"http://reviews.bestbuy.com/3545/5620406/reviews.htm?format=embedded&page=145,http://reviews.bestbuy.com/3545/5620406/reviews.htm?format=embedded&page=112","My grandchildren are home schooled and utilize the tables for many learning apps! They LOVE using them as it makes them feel ""so grown up""! The tablets are a great leaning tool and they are receiving many benefits from them!",Great tablet for kids!,,,Lecale
AVqkIhwDv8e3D1O-lebb,"All-New Fire HD 8 Tablet, 8 HD Display, Wi-Fi, 16 GB - Includes Special Offers, Magenta",B01AHB9CN2,Amazon,"Electronics,iPad & Tablets,All Tablets,Fire Tablets,Tablets,Computers & Tablets","841667104676,amazon/53004484,amazon/b01ahb9cn2,0841667104676,allnewfirehd8tablet8hddisplaywifi16gbincludesspecialoffersmagenta/5620406,allnewfirehd8tablet8hddisplaywifi16gbincludesspecialoffersmagenta/b01ahb9cn2",Amazon,2017-01-27T00:00:00.000Z,2017-07-03T23:27:36Z,"2017-06-07T09:04:00.000Z,2017-04-30T00:44:00.000Z",,TRUE,,0,5,"http://reviews.bestbuy.com/3545/5620406/reviews.htm?format=embedded&page=140,http://reviews.bestbuy.com/3545/5620406/reviews.htm?format=embedded&page=106","Great size, easy to carry for traveling. Need to spend more time Looking into apps for contact manegement, interactive calenders and most important, music storage and use.",First Tablet. Lots of possibilities.,,,Laser301
AVqkIhwDv8e3D1O-lebb,"All-New Fire HD 8 Tablet, 8 HD Display, Wi-Fi, 16 GB - Includes Special Offers, Magenta",B01AHB9CN2,Amazon,"Electronics,iPad & Tablets,All Tablets,Fire Tablets,Tablets,Computers & Tablets","841667104676,amazon/53004484,amazon/b01ahb9cn2,0841667104676,allnewfirehd8tablet8hddisplaywifi16gbincludesspecialoffersmagenta/5620406,allnewfirehd8tablet8hddisplaywifi16gbincludesspecialoffersmagenta/b01ahb9cn2",Amazon,2017-01-27T00:00:00.000Z,2017-07-03T23:27:36Z,"2017-06-07T09:04:00.000Z,2017-04-30T00:44:00.000Z",,TRUE,,0,4,"http://reviews.bestbuy.com/3545/5620406/reviews.htm?format=embedded&page=140,http://reviews.bestbuy.com/3545/5620406/reviews.htm?format=embedded&page=107",I purchased this when my last tablet died. It meets all basic needs and the price was great.,Great price for a basic tablet.,,,doglover
AVqkIhwDv8e3D1O-lebb,"All-New Fire HD 8 Tablet, 8 HD Display, Wi-Fi, 16 GB - Includes Special Offers, Magenta",B01AHB9CN2,Amazon,"Electronics,iPad & Tablets,All Tablets,Fire Tablets,Tablets,Computers & Tablets","841667104676,amazon/53004484,amazon/b01ahb9cn2,0841667104676,allnewfirehd8tablet8hddisplaywifi16gbincludesspecialoffersmagenta/5620406,allnewfirehd8tablet8hddisplaywifi16gbincludesspecialoffersmagenta/b01ahb9cn2",Amazon,2017-01-27T00:00:00.000Z,2017-07-03T23:27:36Z,"2017-06-07T09:04:00.000Z,2017-04-30T00:44:00.000Z",,TRUE,,0,4,"http://reviews.bestbuy.com/3545/5620406/reviews.htm?format=embedded&page=140,http://reviews.bestbuy.com/3545/5620406/reviews.htm?format=embedded&page=107","Perfect for downloading and reading books !! Perfect size and has a nice, bright screen.","Great, quality tablet",,,Dave
AVqkIhwDv8e3D1O-lebb,"All-New Fire HD 8 Tablet, 8 HD Display, Wi-Fi, 16 GB - Includes Special Offers, Magenta",B01AHB9CN2,Amazon,"Electronics,iPad & Tablets,All Tablets,Fire Tablets,Tablets,Computers & Tablets","841667104676,amazon/53004484,amazon/b01ahb9cn2,0841667104676,allnewfirehd8tablet8hddisplaywifi16gbincludesspecialoffersmagenta/5620406,allnewfirehd8tablet8hddisplaywifi16gbincludesspecialoffersmagenta/b01ahb9cn2",Amazon,2017-01-27T00:00:00.000Z,2017-07-03T23:27:36Z,"2017-06-07T09:04:00.000Z,2017-04-30T00:44:00.000Z",,TRUE,,0,5,"http://reviews.bestbuy.com/3545/5620406/reviews.htm?format=embedded&page=140,http://reviews.bestbuy.com/3545/5620406/reviews.htm?format=embedded&page=107",I was surprised when I learned of the capabilities of this device. Now my husband has more access to his desktop and I am doing things which I couldn't on his device.,Excellent for simple games and social media.,,,James
AVqkIhwDv8e3D1O-lebb,"All-New Fire HD 8 Tablet, 8 HD Display, Wi-Fi, 16 GB - Includes Special Offers, Magenta",B01AHB9CN2,Amazon,"Electronics,iPad & Tablets,All Tablets,Fire Tablets,Tablets,Computers & Tablets","841667104676,amazon/53004484,amazon/b01ahb9cn2,0841667104676,allnewfirehd8tablet8hddisplaywifi16gbincludesspecialoffersmagenta/5620406,allnewfirehd8tablet8hddisplaywifi16gbincludesspecialoffersmagenta/b01ahb9cn2",Amazon,2017-01-27T00:00:00.000Z,2017-07-03T23:27:36Z,"2017-06-07T09:04:00.000Z,2017-04-30T00:44:00.000Z",,TRUE,,0,5,"http://reviews.bestbuy.com/3545/5620406/reviews.htm?format=embedded&page=140,http://reviews.bestbuy.com/3545/5620406/reviews.htm?format=embedded&page=107",I got it for my son. Its user friendly and durable.,I like it,,,NIQUE88
AVqkIhwDv8e3D1O-lebb,"All-New Fire HD 8 Tablet, 8 HD Display, Wi-Fi, 16 GB - Includes Special Offers, Magenta",B01AHB9CN2,Amazon,"Electronics,iPad & Tablets,All Tablets,Fire Tablets,Tablets,Computers & Tablets","841667104676,amazon/53004484,amazon/b01ahb9cn2,0841667104676,allnewfirehd8tablet8hddisplaywifi16gbincludesspecialoffersmagenta/5620406,allnewfirehd8tablet8hddisplaywifi16gbincludesspecialoffersmagenta/b01ahb9cn2",Amazon,2017-01-27T00:00:00.000Z,2017-07-03T23:27:36Z,"2017-06-07T09:04:00.000Z,2017-04-30T00:44:00.000Z",,TRUE,,0,5,"http://reviews.bestbuy.com/3545/5620406/reviews.htm?format=embedded&page=140,http://reviews.bestbuy.com/3545/5620406/reviews.htm?format=embedded&page=107","The visual quality on the Fire 8 HD is amazing. It runs very fast and is easy to use, very durable.",Great Tablet,,,Awesomelena
AVqkIhwDv8e3D1O-lebb,"All-New Fire HD 8 Tablet, 8 HD Display, Wi-Fi, 16 GB - Includes Special Offers, Magenta",B01AHB9CN2,Amazon,"Electronics,iPad & Tablets,All Tablets,Fire Tablets,Tablets,Computers & Tablets","841667104676,amazon/53004484,amazon/b01ahb9cn2,0841667104676,allnewfirehd8tablet8hddisplaywifi16gbincludesspecialoffersmagenta/5620406,allnewfirehd8tablet8hddisplaywifi16gbincludesspecialoffersmagenta/b01ahb9cn2",Amazon,2017-01-27T00:00:00.000Z,2017-07-03T23:27:36Z,"2017-06-07T09:04:00.000Z,2017-04-30T00:44:00.000Z",,TRUE,,0,5,"http://reviews.bestbuy.com/3545/5620406/reviews.htm?format=embedded&page=140,http://reviews.bestbuy.com/3545/5620406/reviews.htm?format=embedded&page=107",If your looking for a affordable gift this is it!.,looking for a great gift that is affordable.,,,Ryno513
AVqkIhwDv8e3D1O-lebb,"All-New Fire HD 8 Tablet, 8 HD Display, Wi-Fi, 16 GB - Includes Special Offers, Magenta",B01AHB9CN2,Amazon,"Electronics,iPad & Tablets,All Tablets,Fire Tablets,Tablets,Computers & Tablets","841667104676,amazon/53004484,amazon/b01ahb9cn2,0841667104676,allnewfirehd8tablet8hddisplaywifi16gbincludesspecialoffersmagenta/5620406,allnewfirehd8tablet8hddisplaywifi16gbincludesspecialoffersmagenta/b01ahb9cn2",Amazon,2017-01-27T00:00:00.000Z,2017-07-03T23:27:36Z,"2017-06-07T09:04:00.000Z,2017-04-30T00:44:00.000Z",,TRUE,,0,5,"http://reviews.bestbuy.com/3545/5620406/reviews.htm?format=embedded&page=140,http://reviews.bestbuy.com/3545/5620406/reviews.htm?format=embedded&page=107","This is a great tablet for the price, would recommend it to anyone looking for a basic tablet.","Great Tablet, Great Price",,,ChrisV
AVqkIhwDv8e3D1O-lebb,"All-New Fire HD 8 Tablet, 8 HD Display, Wi-Fi, 16 GB - Includes Special Offers, Magenta",B01AHB9CN2,Amazon,"Electronics,iPad & Tablets,All Tablets,Fire Tablets,Tablets,Computers & Tablets","841667104676,amazon/53004484,amazon/b01ahb9cn2,0841667104676,allnewfirehd8tablet8hddisplaywifi16gbincludesspecialoffersmagenta/5620406,allnewfirehd8tablet8hddisplaywifi16gbincludesspecialoffersmagenta/b01ahb9cn2",Amazon,2017-02-03T00:00:00.000Z,2017-07-03T23:26:17Z,"2017-06-07T09:04:00.000Z,2017-04-30T00:42:00.000Z",,TRUE,,0,4,"http://reviews.bestbuy.com/3545/5620406/reviews.htm?format=embedded&page=124,http://reviews.bestbuy.com/3545/5620406/reviews.htm?format=embedded&page=90",Works great. Love the portability of books. Overall great product,Great product,,,Firemedic
AVqkIhwDv8e3D1O-lebb,"All-New Fire HD 8 Tablet, 8 HD Display, Wi-Fi, 16 GB - Includes Special Offers, Magenta",B01AHB9CN2,Amazon,"Electronics,iPad & Tablets,All Tablets,Fire Tablets,Tablets,Computers & Tablets","841667104676,amazon/53004484,amazon/b01ahb9cn2,0841667104676,allnewfirehd8tablet8hddisplaywifi16gbincludesspecialoffersmagenta/5620406,allnewfirehd8tablet8hddisplaywifi16gbincludesspecialoffersmagenta/b01ahb9cn2",Amazon,2017-02-03T00:00:00.000Z,2017-07-03T23:26:17Z,"2017-06-07T09:04:00.000Z,2017-04-30T00:42:00.000Z",,TRUE,,0,5,"http://reviews.bestbuy.com/3545/5620406/reviews.htm?format=embedded&page=124,http://reviews.bestbuy.com/3545/5620406/reviews.htm?format=embedded&page=91",I am still learning all the things I can do with my new Kindle Fire. It is so much better (lighter in weight and easier to use) than my old tablet.,Enjoying my new tablet,,,GrandmaKay
AVqkIhwDv8e3D1O-lebb,"All-New Fire HD 8 Tablet, 8 HD Display, Wi-Fi, 16 GB - Includes Special Offers, Magenta",B01AHB9CN2,Amazon,"Electronics,iPad & Tablets,All Tablets,Fire Tablets,Tablets,Computers & Tablets","841667104676,amazon/53004484,amazon/b01ahb9cn2,0841667104676,allnewfirehd8tablet8hddisplaywifi16gbincludesspecialoffersmagenta/5620406,allnewfirehd8tablet8hddisplaywifi16gbincludesspecialoffersmagenta/b01ahb9cn2",Amazon,2017-02-03T00:00:00.000Z,2017-07-03T23:26:17Z,"2017-06-07T09:04:00.000Z,2017-04-30T00:42:00.000Z",,TRUE,,0,5,"http://reviews.bestbuy.com/3545/5620406/reviews.htm?format=embedded&page=124,http://reviews.bestbuy.com/3545/5620406/reviews.htm?format=embedded&page=91",Just the right size for reading books and playing some games.,Perfect size,,,rick
AVqkIhwDv8e3D1O-lebb,"All-New Fire HD 8 Tablet, 8 HD Display, Wi-Fi, 16 GB - Includes Special Offers, Magenta",B01AHB9CN2,Amazon,"Electronics,iPad & Tablets,All Tablets,Fire Tablets,Tablets,Computers & Tablets","841667104676,amazon/53004484,amazon/b01ahb9cn2,0841667104676,allnewfirehd8tablet8hddisplaywifi16gbincludesspecialoffersmagenta/5620406,allnewfirehd8tablet8hddisplaywifi16gbincludesspecialoffersmagenta/b01ahb9cn2",Amazon,2017-02-03T00:00:00.000Z,2017-07-03T23:26:17Z,"2017-06-07T09:04:00.000Z,2017-04-30T00:42:00.000Z",,TRUE,,0,5,"http://reviews.bestbuy.com/3545/5620406/reviews.htm?format=embedded&page=124,http://reviews.bestbuy.com/3545/5620406/reviews.htm?format=embedded&page=91",I love everything about this tablet! The imaging is sharp and clear. It's fast and light weight. Love it!,Love my Amazon Fire HD 8 tablet,,,ProudOwner
AVqkIhwDv8e3D1O-lebb,"All-New Fire HD 8 Tablet, 8 HD Display, Wi-Fi, 16 GB - Includes Special Offers, Magenta",B01AHB9CN2,Amazon,"Electronics,iPad & Tablets,All Tablets,Fire Tablets,Tablets,Computers & Tablets","841667104676,amazon/53004484,amazon/b01ahb9cn2,0841667104676,allnewfirehd8tablet8hddisplaywifi16gbincludesspecialoffersmagenta/5620406,allnewfirehd8tablet8hddisplaywifi16gbincludesspecialoffersmagenta/b01ahb9cn2",Amazon,2017-02-03T00:00:00.000Z,2017-07-03T23:26:17Z,"2017-06-07T09:04:00.000Z,2017-04-30T00:42:00.000Z",,TRUE,,0,4,"http://reviews.bestbuy.com/3545/5620406/reviews.htm?format=embedded&page=124,http://reviews.bestbuy.com/3545/5620406/reviews.htm?format=embedded&page=91",Overall a nice product for traveling purposes Value for money,Great product,,,Gift
AVqkIhwDv8e3D1O-lebb,"All-New Fire HD 8 Tablet, 8 HD Display, Wi-Fi, 16 GB - Includes Special Offers, Magenta",B01AHB9CN2,Amazon,"Electronics,iPad & Tablets,All Tablets,Fire Tablets,Tablets,Computers & Tablets","841667104676,amazon/53004484,amazon/b01ahb9cn2,0841667104676,allnewfirehd8tablet8hddisplaywifi16gbincludesspecialoffersmagenta/5620406,allnewfirehd8tablet8hddisplaywifi16gbincludesspecialoffersmagenta/b01ahb9cn2",Amazon,2017-02-03T00:00:00.000Z,2017-07-03T23:26:17Z,"2017-06-07T09:04:00.000Z,2017-04-30T00:42:00.000Z",,TRUE,,0,5,"http://reviews.bestbuy.com/3545/5620406/reviews.htm?format=embedded&page=124,http://reviews.bestbuy.com/3545/5620406/reviews.htm?format=embedded&page=91","My children love this table great quality of pictures, excellent camera",Great for kids,,,Keykey
AVqkIhwDv8e3D1O-lebb,"All-New Fire HD 8 Tablet, 8 HD Display, Wi-Fi, 16 GB - Includes Special Offers, Magenta",B01AHB9CN2,Amazon,"Electronics,iPad & Tablets,All Tablets,Fire Tablets,Tablets,Computers & Tablets","841667104676,amazon/53004484,amazon/b01ahb9cn2,0841667104676,allnewfirehd8tablet8hddisplaywifi16gbincludesspecialoffersmagenta/5620406,allnewfirehd8tablet8hddisplaywifi16gbincludesspecialoffersmagenta/b01ahb9cn2",Amazon,2017-02-03T00:00:00.000Z,2017-07-03T23:26:17Z,"2017-06-07T09:04:00.000Z,2017-04-30T00:42:00.000Z",,TRUE,,0,5,"http://reviews.bestbuy.com/3545/5620406/reviews.htm?format=embedded&page=124,http://reviews.bestbuy.com/3545/5620406/reviews.htm?format=embedded&page=91",I bought 3 tablets and my family was not disappointed.,Great Tablet,,,Christine
AVqkIhwDv8e3D1O-lebb,"All-New Fire HD 8 Tablet, 8 HD Display, Wi-Fi, 16 GB - Includes Special Offers, Magenta",B01AHB9CN2,Amazon,"Electronics,iPad & Tablets,All Tablets,Fire Tablets,Tablets,Computers & Tablets","841667104676,amazon/53004484,amazon/b01ahb9cn2,0841667104676,allnewfirehd8tablet8hddisplaywifi16gbincludesspecialoffersmagenta/5620406,allnewfirehd8tablet8hddisplaywifi16gbincludesspecialoffersmagenta/b01ahb9cn2",Amazon,2017-02-03T00:00:00.000Z,2017-07-03T23:26:17Z,"2017-06-07T09:04:00.000Z,2017-04-30T00:42:00.000Z",,TRUE,,0,5,"http://reviews.bestbuy.com/3545/5620406/reviews.htm?format=embedded&page=124,http://reviews.bestbuy.com/3545/5620406/reviews.htm?format=embedded&page=91",Great tablet fast screen good size never gives me problem,Great,,,Dodgerfan1
AVqkIhwDv8e3D1O-lebb,"All-New Fire HD 8 Tablet, 8 HD Display, Wi-Fi, 16 GB - Includes Special Offers, Magenta",B01AHB9CN2,Amazon,"Electronics,iPad & Tablets,All Tablets,Fire Tablets,Tablets,Computers & Tablets","841667104676,amazon/53004484,amazon/b01ahb9cn2,0841667104676,allnewfirehd8tablet8hddisplaywifi16gbincludesspecialoffersmagenta/5620406,allnewfirehd8tablet8hddisplaywifi16gbincludesspecialoffersmagenta/b01ahb9cn2",Amazon,2017-02-06T00:00:00.000Z,2017-07-03T23:25:07Z,"2017-06-07T09:04:00.000Z,2017-04-30T00:42:00.000Z",,TRUE,,1,4,"http://reviews.bestbuy.com/3545/5620406/reviews.htm?format=embedded&page=113,http://reviews.bestbuy.com/3545/5620406/reviews.htm?format=embedded&page=79","Bought this for my 87 year old grandmother who wanted to be able to play games and read books from the library. My aunt lives with her and can help her use it so its perfect for that type of user. After playing with It, I would consider it for just about anyone other than a hardcore user that wants the latest and greatest tech. if you are tech saavy, you can do more with these Fire tablets than advertised.",Good low cost option for tablet,,,WayneRules
AVqkIhwDv8e3D1O-lebb,"All-New Fire HD 8 Tablet, 8 HD Display, Wi-Fi, 16 GB - Includes Special Offers, Magenta",B01AHB9CN2,Amazon,"Electronics,iPad & Tablets,All Tablets,Fire Tablets,Tablets,Computers & Tablets","841667104676,amazon/53004484,amazon/b01ahb9cn2,0841667104676,allnewfirehd8tablet8hddisplaywifi16gbincludesspecialoffersmagenta/5620406,allnewfirehd8tablet8hddisplaywifi16gbincludesspecialoffersmagenta/b01ahb9cn2",Amazon,2017-02-06T00:00:00.000Z,2017-07-03T23:25:07Z,"2017-06-07T09:04:00.000Z,2017-04-30T00:42:00.000Z",,TRUE,,0,5,"http://reviews.bestbuy.com/3545/5620406/reviews.htm?format=embedded&page=113,http://reviews.bestbuy.com/3545/5620406/reviews.htm?format=embedded&page=80",This is exactly what the person wanted as a gift and she enjoys using it.,Enjoyable,,,Rksajw
AVqkIhwDv8e3D1O-lebb,"All-New Fire HD 8 Tablet, 8 HD Display, Wi-Fi, 16 GB - Includes Special Offers, Magenta",B01AHB9CN2,Amazon,"Electronics,iPad & Tablets,All Tablets,Fire Tablets,Tablets,Computers & Tablets","841667104676,amazon/53004484,amazon/b01ahb9cn2,0841667104676,allnewfirehd8tablet8hddisplaywifi16gbincludesspecialoffersmagenta/5620406,allnewfirehd8tablet8hddisplaywifi16gbincludesspecialoffersmagenta/b01ahb9cn2",Amazon,2017-02-06T00:00:00.000Z,2017-07-03T23:25:07Z,"2017-06-07T09:04:00.000Z,2017-04-30T00:42:00.000Z",,TRUE,,0,4,"http://reviews.bestbuy.com/3545/5620406/reviews.htm?format=embedded&page=113,http://reviews.bestbuy.com/3545/5620406/reviews.htm?format=embedded&page=80",Does all basic functions of a tablet. Hardcore users may want an iPad.,Good starter tablet,,,Stevedb
AVqkIhwDv8e3D1O-lebb,"All-New Fire HD 8 Tablet, 8 HD Display, Wi-Fi, 16 GB - Includes Special Offers, Magenta",B01AHB9CN2,Amazon,"Electronics,iPad & Tablets,All Tablets,Fire Tablets,Tablets,Computers & Tablets","841667104676,amazon/53004484,amazon/b01ahb9cn2,0841667104676,allnewfirehd8tablet8hddisplaywifi16gbincludesspecialoffersmagenta/5620406,allnewfirehd8tablet8hddisplaywifi16gbincludesspecialoffersmagenta/b01ahb9cn2",Amazon,2017-02-05T00:00:00.000Z,2017-07-03T23:25:07Z,"2017-06-07T09:04:00.000Z,2017-04-30T00:42:00.000Z",,TRUE,,0,4,"http://reviews.bestbuy.com/3545/5620406/reviews.htm?format=embedded&page=113,http://reviews.bestbuy.com/3545/5620406/reviews.htm?format=embedded&page=80",Works great for a simple tablet. Not a huge fan of the silk browser but it could be worse! I am very happy with my purchase!,"Priced to sell, nice little unit!",,,BennyJames
AVqkIhwDv8e3D1O-lebb,"All-New Fire HD 8 Tablet, 8 HD Display, Wi-Fi, 16 GB - Includes Special Offers, Magenta",B01AHB9CN2,Amazon,"Electronics,iPad & Tablets,All Tablets,Fire Tablets,Tablets,Computers & Tablets","841667104676,amazon/53004484,amazon/b01ahb9cn2,0841667104676,allnewfirehd8tablet8hddisplaywifi16gbincludesspecialoffersmagenta/5620406,allnewfirehd8tablet8hddisplaywifi16gbincludesspecialoffersmagenta/b01ahb9cn2",Amazon,2017-02-05T00:00:00.000Z,2017-07-03T23:25:07Z,"2017-06-07T09:04:00.000Z,2017-04-30T00:42:00.000Z",,TRUE,,0,5,"http://reviews.bestbuy.com/3545/5620406/reviews.htm?format=embedded&page=113,http://reviews.bestbuy.com/3545/5620406/reviews.htm?format=embedded&page=80",It's fast and easy to use. This is my second kindle fire .,Love the camera,,,Chris
AVqkIhwDv8e3D1O-lebb,"All-New Fire HD 8 Tablet, 8 HD Display, Wi-Fi, 16 GB - Includes Special Offers, Magenta",B01AHB9CN2,Amazon,"Electronics,iPad & Tablets,All Tablets,Fire Tablets,Tablets,Computers & Tablets","841667104676,amazon/53004484,amazon/b01ahb9cn2,0841667104676,allnewfirehd8tablet8hddisplaywifi16gbincludesspecialoffersmagenta/5620406,allnewfirehd8tablet8hddisplaywifi16gbincludesspecialoffersmagenta/b01ahb9cn2",Amazon,2017-02-05T00:00:00.000Z,2017-07-03T23:25:07Z,"2017-06-07T09:04:00.000Z,2017-04-30T00:42:00.000Z",,TRUE,,0,4,"http://reviews.bestbuy.com/3545/5620406/reviews.htm?format=embedded&page=113,http://reviews.bestbuy.com/3545/5620406/reviews.htm?format=embedded&page=80",More flexibility than a Kindle and bigger screen. Like it because I can surf the web and download and read books.,Was looking for an Kindle,,,Legs
AVqkIhwDv8e3D1O-lebb,"All-New Fire HD 8 Tablet, 8 HD Display, Wi-Fi, 16 GB - Includes Special Offers, Magenta",B01AHB9CN2,Amazon,"Electronics,iPad & Tablets,All Tablets,Fire Tablets,Tablets,Computers & Tablets","841667104676,amazon/53004484,amazon/b01ahb9cn2,0841667104676,allnewfirehd8tablet8hddisplaywifi16gbincludesspecialoffersmagenta/5620406,allnewfirehd8tablet8hddisplaywifi16gbincludesspecialoffersmagenta/b01ahb9cn2",Amazon,2017-02-05T00:00:00.000Z,2017-07-03T23:25:07Z,"2017-06-07T09:04:00.000Z,2017-04-30T00:42:00.000Z",,TRUE,,0,5,"http://reviews.bestbuy.com/3545/5620406/reviews.htm?format=embedded&page=113,http://reviews.bestbuy.com/3545/5620406/reviews.htm?format=embedded&page=80","For the money you cannot beat this tablet. Full of features, picture quality is great, and very fast speed while using the internet.",great tablet for the money,,,Ralpho
AVqkIhwDv8e3D1O-lebb,"All-New Fire HD 8 Tablet, 8 HD Display, Wi-Fi, 16 GB - Includes Special Offers, Magenta",B01AHB9CN2,Amazon,"Electronics,iPad & Tablets,All Tablets,Fire Tablets,Tablets,Computers & Tablets","841667104676,amazon/53004484,amazon/b01ahb9cn2,0841667104676,allnewfirehd8tablet8hddisplaywifi16gbincludesspecialoffersmagenta/5620406,allnewfirehd8tablet8hddisplaywifi16gbincludesspecialoffersmagenta/b01ahb9cn2",Amazon,2017-02-05T00:00:00.000Z,2017-07-03T23:25:07Z,"2017-06-07T09:04:00.000Z,2017-04-30T00:42:00.000Z",,TRUE,,0,5,"http://reviews.bestbuy.com/3545/5620406/reviews.htm?format=embedded&page=113,http://reviews.bestbuy.com/3545/5620406/reviews.htm?format=embedded&page=80","Easy to use, solid build, sharp HP screen for movies. Who needs more?",Nice HD tablet,,,TechMan
AVqkIhwDv8e3D1O-lebb,"All-New Fire HD 8 Tablet, 8 HD Display, Wi-Fi, 16 GB - Includes Special Offers, Magenta",B01AHB9CN2,Amazon,"Electronics,iPad & Tablets,All Tablets,Fire Tablets,Tablets,Computers & Tablets","841667104676,amazon/53004484,amazon/b01ahb9cn2,0841667104676,allnewfirehd8tablet8hddisplaywifi16gbincludesspecialoffersmagenta/5620406,allnewfirehd8tablet8hddisplaywifi16gbincludesspecialoffersmagenta/b01ahb9cn2",Amazon,2017-03-20T00:00:00.000Z,2017-07-03T23:11:25Z,"2017-06-07T09:03:00.000Z,2017-04-30T00:41:00.000Z,2017-03-21T10:52:00.000Z",,TRUE,,0,5,"http://reviews.bestbuy.com/3545/5620406/reviews.htm?format=embedded&page=59,http://reviews.bestbuy.com/3545/5620406/reviews.htm?format=embedded&page=25,http://reviews.bestbuy.com/3545/5620406/reviews.htm?format=embedded",Tablet is perfect for beginners who just want basic,Ease of use,,,auntscrappie
AVqkIhwDv8e3D1O-lebb,"All-New Fire HD 8 Tablet, 8 HD Display, Wi-Fi, 16 GB - Includes Special Offers, Magenta",B01AHB9CN2,Amazon,"Electronics,iPad & Tablets,All Tablets,Fire Tablets,Tablets,Computers & Tablets","841667104676,amazon/53004484,amazon/b01ahb9cn2,0841667104676,allnewfirehd8tablet8hddisplaywifi16gbincludesspecialoffersmagenta/5620406,allnewfirehd8tablet8hddisplaywifi16gbincludesspecialoffersmagenta/b01ahb9cn2",Amazon,2017-03-20T00:00:00.000Z,2017-07-03T23:11:25Z,"2017-06-07T09:03:00.000Z,2017-03-21T10:52:00.000Z,2017-04-30T00:41:00.000Z",,TRUE,,0,5,"http://reviews.bestbuy.com/3545/5620406/reviews.htm?format=embedded&page=59,http://reviews.bestbuy.com/3545/5620406/reviews.htm?format=embedded,http://reviews.bestbuy.com/3545/5620406/reviews.htm?format=embedded&page=26","this is my first tablet .. love it .. actually read my first e-book on it .. large screen, easy to read & play games .. fits nicely in my purse",Awesome,,,grannybear
AVqkIhwDv8e3D1O-lebb,"All-New Fire HD 8 Tablet, 8 HD Display, Wi-Fi, 16 GB - Includes Special Offers, Magenta",B01AHB9CN2,Amazon,"Electronics,iPad & Tablets,All Tablets,Fire Tablets,Tablets,Computers & Tablets","841667104676,amazon/53004484,amazon/b01ahb9cn2,0841667104676,allnewfirehd8tablet8hddisplaywifi16gbincludesspecialoffersmagenta/5620406,allnewfirehd8tablet8hddisplaywifi16gbincludesspecialoffersmagenta/b01ahb9cn2",Amazon,2017-03-20T00:00:00.000Z,2017-07-03T23:11:25Z,"2017-06-07T09:03:00.000Z,2017-03-21T10:52:00.000Z,2017-04-30T00:41:00.000Z",,TRUE,,0,4,"http://reviews.bestbuy.com/3545/5620406/reviews.htm?format=embedded&page=59,http://reviews.bestbuy.com/3545/5620406/reviews.htm?format=embedded,http://reviews.bestbuy.com/3545/5620406/reviews.htm?format=embedded&page=26",This 8 inch Fire is definitely better than the cheaper 7 inch. It works fine enough for teens to play games and watch movies.,Decent Tablet for Teen Basic Games,,,TLMart
AVqkIhwDv8e3D1O-lebb,"All-New Fire HD 8 Tablet, 8 HD Display, Wi-Fi, 16 GB - Includes Special Offers, Magenta",B01AHB9CN2,Amazon,"Electronics,iPad & Tablets,All Tablets,Fire Tablets,Tablets,Computers & Tablets","841667104676,amazon/53004484,amazon/b01ahb9cn2,0841667104676,allnewfirehd8tablet8hddisplaywifi16gbincludesspecialoffersmagenta/5620406,allnewfirehd8tablet8hddisplaywifi16gbincludesspecialoffersmagenta/b01ahb9cn2",Amazon,2017-03-20T00:00:00.000Z,2017-07-03T23:11:25Z,"2017-06-07T09:03:00.000Z,2017-03-21T10:52:00.000Z,2017-04-30T00:41:00.000Z",,TRUE,,0,4,"http://reviews.bestbuy.com/3545/5620406/reviews.htm?format=embedded&page=59,http://reviews.bestbuy.com/3545/5620406/reviews.htm?format=embedded,http://reviews.bestbuy.com/3545/5620406/reviews.htm?format=embedded&page=26","Great tablet for under $100. Does not have the highest specs, but gets the job done for lite tablet users.",Great tablet for the price,,,Tuowls
AVqkIhwDv8e3D1O-lebb,"All-New Fire HD 8 Tablet, 8 HD Display, Wi-Fi, 16 GB - Includes Special Offers, Magenta",B01AHB9CN2,Amazon,"Electronics,iPad & Tablets,All Tablets,Fire Tablets,Tablets,Computers & Tablets","841667104676,amazon/53004484,amazon/b01ahb9cn2,0841667104676,allnewfirehd8tablet8hddisplaywifi16gbincludesspecialoffersmagenta/5620406,allnewfirehd8tablet8hddisplaywifi16gbincludesspecialoffersmagenta/b01ahb9cn2",Amazon,2017-03-20T00:00:00.000Z,2017-07-03T23:11:25Z,"2017-06-07T09:03:00.000Z,2017-03-21T10:52:00.000Z,2017-04-30T00:41:00.000Z",,TRUE,,0,4,"http://reviews.bestbuy.com/3545/5620406/reviews.htm?format=embedded&page=59,http://reviews.bestbuy.com/3545/5620406/reviews.htm?format=embedded,http://reviews.bestbuy.com/3545/5620406/reviews.htm?format=embedded&page=26","I purchased the kindle fire because I needed a entertainment only device for long flights. This device is the perfect size for travel and easy to use and set up with your Amazon account. It is worth purchasing a Fire tablet if you are an Amazon Prime member. If not, I would not recommend it because the available apps are limited . My only complaint about this device is that if it freezes it is difficult to reset.",Fire Tablet - great for entertainment,,,DSuite
AVqkIhwDv8e3D1O-lebb,"All-New Fire HD 8 Tablet, 8 HD Display, Wi-Fi, 16 GB - Includes Special Offers, Magenta",B01AHB9CN2,Amazon,"Electronics,iPad & Tablets,All Tablets,Fire Tablets,Tablets,Computers & Tablets","841667104676,amazon/53004484,amazon/b01ahb9cn2,0841667104676,allnewfirehd8tablet8hddisplaywifi16gbincludesspecialoffersmagenta/5620406,allnewfirehd8tablet8hddisplaywifi16gbincludesspecialoffersmagenta/b01ahb9cn2",Amazon,2017-03-19T00:00:00.000Z,2017-07-03T23:11:25Z,"2017-06-07T09:03:00.000Z,2017-04-30T00:41:00.000Z",,TRUE,,0,4,"http://reviews.bestbuy.com/3545/5620406/reviews.htm?format=embedded&page=59,http://reviews.bestbuy.com/3545/5620406/reviews.htm?format=embedded&page=26",This fire tablet has long battery life. Reasonable fast,Good for Kids,,,Veebee
AVqkIhwDv8e3D1O-lebb,"All-New Fire HD 8 Tablet, 8 HD Display, Wi-Fi, 16 GB - Includes Special Offers, Magenta",B01AHB9CN2,Amazon,"Electronics,iPad & Tablets,All Tablets,Fire Tablets,Tablets,Computers & Tablets","841667104676,amazon/53004484,amazon/b01ahb9cn2,0841667104676,allnewfirehd8tablet8hddisplaywifi16gbincludesspecialoffersmagenta/5620406,allnewfirehd8tablet8hddisplaywifi16gbincludesspecialoffersmagenta/b01ahb9cn2",Amazon,2017-03-19T00:00:00.000Z,2017-07-03T23:11:25Z,"2017-06-07T09:03:00.000Z,2017-04-30T00:41:00.000Z",,TRUE,,0,4,"http://reviews.bestbuy.com/3545/5620406/reviews.htm?format=embedded&page=59,http://reviews.bestbuy.com/3545/5620406/reviews.htm?format=embedded&page=26",Got this for my wife and she loves it. She had the previous generation and this one is a giant keep forward.,My wife loves it.,,,Richardm1981
AVqkIhwDv8e3D1O-lebb,"All-New Fire HD 8 Tablet, 8 HD Display, Wi-Fi, 16 GB - Includes Special Offers, Magenta",B01AHB9CN2,Amazon,"Electronics,iPad & Tablets,All Tablets,Fire Tablets,Tablets,Computers & Tablets","841667104676,amazon/53004484,amazon/b01ahb9cn2,0841667104676,allnewfirehd8tablet8hddisplaywifi16gbincludesspecialoffersmagenta/5620406,allnewfirehd8tablet8hddisplaywifi16gbincludesspecialoffersmagenta/b01ahb9cn2",Amazon,2017-03-19T00:00:00.000Z,2017-07-03T23:11:25Z,"2017-06-07T09:03:00.000Z,2017-04-30T00:41:00.000Z",,TRUE,,0,5,"http://reviews.bestbuy.com/3545/5620406/reviews.htm?format=embedded&page=59,http://reviews.bestbuy.com/3545/5620406/reviews.htm?format=embedded&page=26",Sleek packaging easy set up and great for anyone who wants a e reader with more to offer.,Great!,,,Greg
AVqkIhwDv8e3D1O-lebb,"All-New Fire HD 8 Tablet, 8 HD Display, Wi-Fi, 16 GB - Includes Special Offers, Magenta",B01AHB9CN2,Amazon,"Electronics,iPad & Tablets,All Tablets,Fire Tablets,Tablets,Computers & Tablets","841667104676,amazon/53004484,amazon/b01ahb9cn2,0841667104676,allnewfirehd8tablet8hddisplaywifi16gbincludesspecialoffersmagenta/5620406,allnewfirehd8tablet8hddisplaywifi16gbincludesspecialoffersmagenta/b01ahb9cn2",Amazon,2017-06-03T00:00:00.000Z,2017-07-03T23:07:25Z,"2017-06-07T09:02:00.000Z,2017-06-04T04:29:00.000Z,2017-06-03T18:55:00.000Z",,TRUE,,0,5,"http://reviews.bestbuy.com/3545/5620406/reviews.htm?format=embedded&page=3,http://reviews.bestbuy.com/3545/5620406/reviews.htm?format=embedded",Best and most affordable option of all the Kindle devices available.,Great Device,,,Farmboy
AVqkIhwDv8e3D1O-lebb,"All-New Fire HD 8 Tablet, 8 HD Display, Wi-Fi, 16 GB - Includes Special Offers, Magenta",B01AHB9CN2,Amazon,"Electronics,iPad & Tablets,All Tablets,Fire Tablets,Tablets,Computers & Tablets","841667104676,amazon/53004484,amazon/b01ahb9cn2,0841667104676,allnewfirehd8tablet8hddisplaywifi16gbincludesspecialoffersmagenta/5620406,allnewfirehd8tablet8hddisplaywifi16gbincludesspecialoffersmagenta/b01ahb9cn2",Amazon,2017-06-03T00:00:00.000Z,2017-07-03T23:07:25Z,"2017-06-07T09:02:00.000Z,2017-06-04T04:29:00.000Z,2017-06-03T18:55:00.000Z",,TRUE,,0,5,"http://reviews.bestbuy.com/3545/5620406/reviews.htm?format=embedded&page=3,http://reviews.bestbuy.com/3545/5620406/reviews.htm?format=embedded","I did not want to get a new kindle but my old one would not charge or show a charge anymore. I could not depend on it for any length of time so I finally broke down and bought a new one. I am very happy with this one. I was afraid I would lose my music and photos since not all came from the Amazon store. However, everything I had on the old kindle transferred to the new one. I am still learning all about it but so far so good.",A nice upgrade to my old kindle.,,,labinoh
AVqkIhwDv8e3D1O-lebb,"All-New Fire HD 8 Tablet, 8 HD Display, Wi-Fi, 16 GB - Includes Special Offers, Magenta",B01AHB9CN2,Amazon,"Electronics,iPad & Tablets,All Tablets,Fire Tablets,Tablets,Computers & Tablets","841667104676,amazon/53004484,amazon/b01ahb9cn2,0841667104676,allnewfirehd8tablet8hddisplaywifi16gbincludesspecialoffersmagenta/5620406,allnewfirehd8tablet8hddisplaywifi16gbincludesspecialoffersmagenta/b01ahb9cn2",Amazon,2017-06-03T00:00:00.000Z,2017-07-03T23:07:25Z,"2017-06-07T09:02:00.000Z,2017-06-04T04:29:00.000Z,2017-06-03T18:55:00.000Z",,TRUE,,0,5,"http://reviews.bestbuy.com/3545/5620406/reviews.htm?format=embedded&page=3,http://reviews.bestbuy.com/3545/5620406/reviews.htm?format=embedded",My daughter likes this tablet to play her online games!,Present for my daughter & she loves it!,,,Timothy
AVqkIhwDv8e3D1O-lebb,"All-New Fire HD 8 Tablet, 8 HD Display, Wi-Fi, 16 GB - Includes Special Offers, Magenta",B01AHB9CN2,Amazon,"Electronics,iPad & Tablets,All Tablets,Fire Tablets,Tablets,Computers & Tablets","841667104676,amazon/53004484,amazon/b01ahb9cn2,0841667104676,allnewfirehd8tablet8hddisplaywifi16gbincludesspecialoffersmagenta/5620406,allnewfirehd8tablet8hddisplaywifi16gbincludesspecialoffersmagenta/b01ahb9cn2",Amazon,2017-06-03T00:00:00.000Z,2017-07-03T23:07:25Z,"2017-06-07T09:02:00.000Z,2017-06-04T04:29:00.000Z,2017-06-03T18:55:00.000Z",,TRUE,,0,4,"http://reviews.bestbuy.com/3545/5620406/reviews.htm?format=embedded&page=3,http://reviews.bestbuy.com/3545/5620406/reviews.htm?format=embedded",Easy to figure out and used it extensively on my vacation.,Great little device,,,katt
AVqkIhwDv8e3D1O-lebb,"All-New Fire HD 8 Tablet, 8 HD Display, Wi-Fi, 16 GB - Includes Special Offers, Magenta",B01AHB9CN2,Amazon,"Electronics,iPad & Tablets,All Tablets,Fire Tablets,Tablets,Computers & Tablets","841667104676,amazon/53004484,amazon/b01ahb9cn2,0841667104676,allnewfirehd8tablet8hddisplaywifi16gbincludesspecialoffersmagenta/5620406,allnewfirehd8tablet8hddisplaywifi16gbincludesspecialoffersmagenta/b01ahb9cn2",Amazon,2017-06-03T00:00:00.000Z,2017-07-03T23:07:25Z,"2017-06-07T09:02:00.000Z,2017-06-04T04:29:00.000Z,2017-06-03T18:55:00.000Z",,TRUE,,0,5,"http://reviews.bestbuy.com/3545/5620406/reviews.htm?format=embedded&page=3,http://reviews.bestbuy.com/3545/5620406/reviews.htm?format=embedded","Excellent tablet to leave at my easel and display reference photos. It's light enough to velcro to a articulating stand (so I can position the tablet right next to my canvas). It's cheap enough to not worry about. I love it, for the price.",Perfect for artist reference photos!,,,Patman
AVqkIhwDv8e3D1O-lebb,"All-New Fire HD 8 Tablet, 8 HD Display, Wi-Fi, 16 GB - Includes Special Offers, Magenta",B01AHB9CN2,Amazon,"Electronics,iPad & Tablets,All Tablets,Fire Tablets,Tablets,Computers & Tablets","841667104676,amazon/53004484,amazon/b01ahb9cn2,0841667104676,allnewfirehd8tablet8hddisplaywifi16gbincludesspecialoffersmagenta/5620406,allnewfirehd8tablet8hddisplaywifi16gbincludesspecialoffersmagenta/b01ahb9cn2",Amazon,2017-06-03T00:00:00.000Z,2017-07-03T23:07:25Z,"2017-06-07T09:02:00.000Z,2017-06-04T04:29:00.000Z,2017-06-03T18:55:00.000Z",,TRUE,,0,5,"http://reviews.bestbuy.com/3545/5620406/reviews.htm?format=embedded&page=3,http://reviews.bestbuy.com/3545/5620406/reviews.htm?format=embedded",I bought this wanting for books comics and movies and it has not disappoint ever since,Great tablet for what it's worth,,,Netiks
AVqkIhwDv8e3D1O-lebb,"All-New Fire HD 8 Tablet, 8 HD Display, Wi-Fi, 16 GB - Includes Special Offers, Magenta",B01AHB9CN2,Amazon,"Electronics,iPad & Tablets,All Tablets,Fire Tablets,Tablets,Computers & Tablets","841667104676,amazon/53004484,amazon/b01ahb9cn2,0841667104676,allnewfirehd8tablet8hddisplaywifi16gbincludesspecialoffersmagenta/5620406,allnewfirehd8tablet8hddisplaywifi16gbincludesspecialoffersmagenta/b01ahb9cn2",Amazon,2017-06-03T00:00:00.000Z,2017-07-03T23:07:25Z,"2017-06-07T09:02:00.000Z,2017-06-03T18:55:00.000Z",,TRUE,,0,5,"http://reviews.bestbuy.com/3545/5620406/reviews.htm?format=embedded&page=3,http://reviews.bestbuy.com/3545/5620406/reviews.htm?format=embedded",My 4 year old Grandson loves his Kindle. He had to have one after his sister got one.,Great tablet,,,Wanoo
AVqkIhwDv8e3D1O-lebb,"All-New Fire HD 8 Tablet, 8 HD Display, Wi-Fi, 16 GB - Includes Special Offers, Magenta",B01AHB9CN2,Amazon,"Electronics,iPad & Tablets,All Tablets,Fire Tablets,Tablets,Computers & Tablets","841667104676,amazon/53004484,amazon/b01ahb9cn2,0841667104676,allnewfirehd8tablet8hddisplaywifi16gbincludesspecialoffersmagenta/5620406,allnewfirehd8tablet8hddisplaywifi16gbincludesspecialoffersmagenta/b01ahb9cn2",Amazon,2017-06-03T00:00:00.000Z,2017-07-03T23:07:25Z,"2017-06-07T09:02:00.000Z,2017-06-03T18:55:00.000Z",,TRUE,,0,5,"http://reviews.bestbuy.com/3545/5620406/reviews.htm?format=embedded&page=3,http://reviews.bestbuy.com/3545/5620406/reviews.htm?format=embedded",Easy to use. As a beginner I found this pad very good. Enjoy the kindle app.,Good pad for a beginner,,,JoeAnn
AVqkIhwDv8e3D1O-lebb,"All-New Fire HD 8 Tablet, 8 HD Display, Wi-Fi, 16 GB - Includes Special Offers, Magenta",B01AHB9CN2,Amazon,"Electronics,iPad & Tablets,All Tablets,Fire Tablets,Tablets,Computers & Tablets","841667104676,amazon/53004484,amazon/b01ahb9cn2,0841667104676,allnewfirehd8tablet8hddisplaywifi16gbincludesspecialoffersmagenta/5620406,allnewfirehd8tablet8hddisplaywifi16gbincludesspecialoffersmagenta/b01ahb9cn2",Amazon,2016-12-15T00:00:00.000Z,2017-07-03T22:39:14Z,"2017-06-07T09:00:00.000Z,2017-04-30T00:44:00.000Z",,TRUE,,0,4,"http://reviews.bestbuy.com/3545/5620406/reviews.htm?format=embedded&page=306,http://reviews.bestbuy.com/3545/5620406/reviews.htm?format=embedded&page=272",This Kindle does what I need it to do. The camera could be better but overall I am pretty happy with my purchase.,Pretty Decent,,,itstamaral
AVqkIhwDv8e3D1O-lebb,"All-New Fire HD 8 Tablet, 8 HD Display, Wi-Fi, 16 GB - Includes Special Offers, Magenta",B01AHB9CN2,Amazon,"Electronics,iPad & Tablets,All Tablets,Fire Tablets,Tablets,Computers & Tablets","841667104676,amazon/53004484,amazon/b01ahb9cn2,0841667104676,allnewfirehd8tablet8hddisplaywifi16gbincludesspecialoffersmagenta/5620406,allnewfirehd8tablet8hddisplaywifi16gbincludesspecialoffersmagenta/b01ahb9cn2",Amazon,2016-12-15T00:00:00.000Z,2017-07-03T22:39:14Z,"2017-06-07T09:00:00.000Z,2017-04-30T00:44:00.000Z",,TRUE,,0,5,"http://reviews.bestbuy.com/3545/5620406/reviews.htm?format=embedded&page=306,http://reviews.bestbuy.com/3545/5620406/reviews.htm?format=embedded&page=273",Purchased this for my daughter to do more reading. It has so much more options for her if she wants.,Great deal,,,danm
AVqkIhwDv8e3D1O-lebb,"All-New Fire HD 8 Tablet, 8 HD Display, Wi-Fi, 16 GB - Includes Special Offers, Magenta",B01AHB9CN2,Amazon,"Electronics,iPad & Tablets,All Tablets,Fire Tablets,Tablets,Computers & Tablets","841667104676,amazon/53004484,amazon/b01ahb9cn2,0841667104676,allnewfirehd8tablet8hddisplaywifi16gbincludesspecialoffersmagenta/5620406,allnewfirehd8tablet8hddisplaywifi16gbincludesspecialoffersmagenta/b01ahb9cn2",Amazon,2016-12-15T00:00:00.000Z,2017-07-03T22:39:14Z,"2017-06-07T09:00:00.000Z,2017-04-30T00:44:00.000Z",,TRUE,,0,5,"http://reviews.bestbuy.com/3545/5620406/reviews.htm?format=embedded&page=306,http://reviews.bestbuy.com/3545/5620406/reviews.htm?format=embedded&page=273","this is a great tablet for the price. my kid loves it ,does alot reading on it.",great for my kids,,,harry
AVqkIhwDv8e3D1O-lebb,"All-New Fire HD 8 Tablet, 8 HD Display, Wi-Fi, 16 GB - Includes Special Offers, Magenta",B01AHB9CN2,Amazon,"Electronics,iPad & Tablets,All Tablets,Fire Tablets,Tablets,Computers & Tablets","841667104676,amazon/53004484,amazon/b01ahb9cn2,0841667104676,allnewfirehd8tablet8hddisplaywifi16gbincludesspecialoffersmagenta/5620406,allnewfirehd8tablet8hddisplaywifi16gbincludesspecialoffersmagenta/b01ahb9cn2",Amazon,2016-12-15T00:00:00.000Z,2017-07-03T22:39:14Z,"2017-06-07T09:00:00.000Z,2017-04-30T00:44:00.000Z",,TRUE,,0,4,"http://reviews.bestbuy.com/3545/5620406/reviews.htm?format=embedded&page=306,http://reviews.bestbuy.com/3545/5620406/reviews.htm?format=embedded&page=273",I was really hoping that this would be faster than some other inexspensive tablets I've had. I mainly use it for email though and it does the job.,Can be slow,,,Matt
AVqkIhwDv8e3D1O-lebb,"All-New Fire HD 8 Tablet, 8 HD Display, Wi-Fi, 16 GB - Includes Special Offers, Magenta",B01AHB9CN2,Amazon,"Electronics,iPad & Tablets,All Tablets,Fire Tablets,Tablets,Computers & Tablets","841667104676,amazon/53004484,amazon/b01ahb9cn2,0841667104676,allnewfirehd8tablet8hddisplaywifi16gbincludesspecialoffersmagenta/5620406,allnewfirehd8tablet8hddisplaywifi16gbincludesspecialoffersmagenta/b01ahb9cn2",Amazon,2016-12-15T00:00:00.000Z,2017-07-03T22:39:14Z,"2017-06-07T09:00:00.000Z,2017-04-30T00:44:00.000Z",,TRUE,,0,4,"http://reviews.bestbuy.com/3545/5620406/reviews.htm?format=embedded&page=306,http://reviews.bestbuy.com/3545/5620406/reviews.htm?format=embedded&page=273",Bought as a Christmas gift for someone. I bought iPad as well. Will update when it's used.,Great price,,,Monica
AVqkIhwDv8e3D1O-lebb,"All-New Fire HD 8 Tablet, 8 HD Display, Wi-Fi, 16 GB - Includes Special Offers, Magenta",B01AHB9CN2,Amazon,"Electronics,iPad & Tablets,All Tablets,Fire Tablets,Tablets,Computers & Tablets","841667104676,amazon/53004484,amazon/b01ahb9cn2,0841667104676,allnewfirehd8tablet8hddisplaywifi16gbincludesspecialoffersmagenta/5620406,allnewfirehd8tablet8hddisplaywifi16gbincludesspecialoffersmagenta/b01ahb9cn2",Amazon,2016-12-15T00:00:00.000Z,2017-07-03T22:39:14Z,"2017-06-07T09:00:00.000Z,2017-04-30T00:44:00.000Z",,TRUE,,0,5,"http://reviews.bestbuy.com/3545/5620406/reviews.htm?format=embedded&page=306,http://reviews.bestbuy.com/3545/5620406/reviews.htm?format=embedded&page=273",Great tablet for the price. It is easy to navigate.,Kindle Fire tablet,,,TashaB
AVqkIhwDv8e3D1O-lebb,"All-New Fire HD 8 Tablet, 8 HD Display, Wi-Fi, 16 GB - Includes Special Offers, Magenta",B01AHB9CN2,Amazon,"Electronics,iPad & Tablets,All Tablets,Fire Tablets,Tablets,Computers & Tablets","841667104676,amazon/53004484,amazon/b01ahb9cn2,0841667104676,allnewfirehd8tablet8hddisplaywifi16gbincludesspecialoffersmagenta/5620406,allnewfirehd8tablet8hddisplaywifi16gbincludesspecialoffersmagenta/b01ahb9cn2",Amazon,2016-12-15T00:00:00.000Z,2017-07-03T22:39:14Z,"2017-06-07T09:00:00.000Z,2017-04-30T00:44:00.000Z",,TRUE,,0,5,"http://reviews.bestbuy.com/3545/5620406/reviews.htm?format=embedded&page=306,http://reviews.bestbuy.com/3545/5620406/reviews.htm?format=embedded&page=273",I believe that this will be very useful during my husbands recovery from foot surgery.,Great tablet for a beginner,,,Fredbear
AVqkIhwDv8e3D1O-lebb,"All-New Fire HD 8 Tablet, 8 HD Display, Wi-Fi, 16 GB - Includes Special Offers, Magenta",B01AHB9CN2,Amazon,"Electronics,iPad & Tablets,All Tablets,Fire Tablets,Tablets,Computers & Tablets","841667104676,amazon/53004484,amazon/b01ahb9cn2,0841667104676,allnewfirehd8tablet8hddisplaywifi16gbincludesspecialoffersmagenta/5620406,allnewfirehd8tablet8hddisplaywifi16gbincludesspecialoffersmagenta/b01ahb9cn2",Amazon,2016-12-15T00:00:00.000Z,2017-07-03T22:39:14Z,"2017-06-07T09:00:00.000Z,2017-04-30T00:44:00.000Z",,TRUE,,0,4,"http://reviews.bestbuy.com/3545/5620406/reviews.htm?format=embedded&page=306,http://reviews.bestbuy.com/3545/5620406/reviews.htm?format=embedded&page=273",This is something that is useful if your looking for something to take along trips,Hd tablet,,,Devonna
AVqkIhwDv8e3D1O-lebb,"All-New Fire HD 8 Tablet, 8 HD Display, Wi-Fi, 16 GB - Includes Special Offers, Magenta",B01AHB9CN2,Amazon,"Electronics,iPad & Tablets,All Tablets,Fire Tablets,Tablets,Computers & Tablets","841667104676,amazon/53004484,amazon/b01ahb9cn2,0841667104676,allnewfirehd8tablet8hddisplaywifi16gbincludesspecialoffersmagenta/5620406,allnewfirehd8tablet8hddisplaywifi16gbincludesspecialoffersmagenta/b01ahb9cn2",Amazon,2016-12-16T00:00:00.000Z,2017-07-03T22:38:47Z,"2017-06-07T09:00:00.000Z,2017-04-30T00:44:00.000Z",,TRUE,,0,5,"http://reviews.bestbuy.com/3545/5620406/reviews.htm?format=embedded&page=303,http://reviews.bestbuy.com/3545/5620406/reviews.htm?format=embedded&page=269",This is a wonderful device. I love the extra capabilities and apps.,Great tablet,,,Andy
AVqkIhwDv8e3D1O-lebb,"All-New Fire HD 8 Tablet, 8 HD Display, Wi-Fi, 16 GB - Includes Special Offers, Magenta",B01AHB9CN2,Amazon,"Electronics,iPad & Tablets,All Tablets,Fire Tablets,Tablets,Computers & Tablets","841667104676,amazon/53004484,amazon/b01ahb9cn2,0841667104676,allnewfirehd8tablet8hddisplaywifi16gbincludesspecialoffersmagenta/5620406,allnewfirehd8tablet8hddisplaywifi16gbincludesspecialoffersmagenta/b01ahb9cn2",Amazon,2016-12-16T00:00:00.000Z,2017-07-03T22:38:47Z,"2017-06-07T09:00:00.000Z,2017-04-30T00:44:00.000Z",,TRUE,,0,4,"http://reviews.bestbuy.com/3545/5620406/reviews.htm?format=embedded&page=303,http://reviews.bestbuy.com/3545/5620406/reviews.htm?format=embedded&page=270",Decent tablet. Access to kindle and pretty much all your google apps.,Pretty nice,,,Mike
AVqkIhwDv8e3D1O-lebb,"All-New Fire HD 8 Tablet, 8 HD Display, Wi-Fi, 16 GB - Includes Special Offers, Magenta",B01AHB9CN2,Amazon,"Electronics,iPad & Tablets,All Tablets,Fire Tablets,Tablets,Computers & Tablets","841667104676,amazon/53004484,amazon/b01ahb9cn2,0841667104676,allnewfirehd8tablet8hddisplaywifi16gbincludesspecialoffersmagenta/5620406,allnewfirehd8tablet8hddisplaywifi16gbincludesspecialoffersmagenta/b01ahb9cn2",Amazon,2016-12-16T00:00:00.000Z,2017-07-03T22:38:47Z,"2017-06-07T09:00:00.000Z,2017-04-30T00:44:00.000Z",,TRUE,,0,5,"http://reviews.bestbuy.com/3545/5620406/reviews.htm?format=embedded&page=303,http://reviews.bestbuy.com/3545/5620406/reviews.htm?format=embedded&page=270",I am very happy with this tablet. The worst thing is that my steals it all the time. Lol,Great tablet,,,Manny
AVqkIhwDv8e3D1O-lebb,"All-New Fire HD 8 Tablet, 8 HD Display, Wi-Fi, 16 GB - Includes Special Offers, Magenta",B01AHB9CN2,Amazon,"Electronics,iPad & Tablets,All Tablets,Fire Tablets,Tablets,Computers & Tablets","841667104676,amazon/53004484,amazon/b01ahb9cn2,0841667104676,allnewfirehd8tablet8hddisplaywifi16gbincludesspecialoffersmagenta/5620406,allnewfirehd8tablet8hddisplaywifi16gbincludesspecialoffersmagenta/b01ahb9cn2",Amazon,2016-12-16T00:00:00.000Z,2017-07-03T22:38:47Z,"2017-06-07T09:00:00.000Z,2017-04-30T00:44:00.000Z",,TRUE,,0,5,"http://reviews.bestbuy.com/3545/5620406/reviews.htm?format=embedded&page=303,http://reviews.bestbuy.com/3545/5620406/reviews.htm?format=embedded&page=270","A family member has vision problems. They had seen/used the Kindle of another family member - especially the ability to scale text. This device will make it possible to read, which she has had extreme difficulty doing.",A gift for Grandma,,,robz
AVqkIhwDv8e3D1O-lebb,"All-New Fire HD 8 Tablet, 8 HD Display, Wi-Fi, 16 GB - Includes Special Offers, Magenta",B01AHB9CN2,Amazon,"Electronics,iPad & Tablets,All Tablets,Fire Tablets,Tablets,Computers & Tablets","841667104676,amazon/53004484,amazon/b01ahb9cn2,0841667104676,allnewfirehd8tablet8hddisplaywifi16gbincludesspecialoffersmagenta/5620406,allnewfirehd8tablet8hddisplaywifi16gbincludesspecialoffersmagenta/b01ahb9cn2",Amazon,2016-12-16T00:00:00.000Z,2017-07-03T22:38:47Z,"2017-06-07T09:00:00.000Z,2017-04-30T00:44:00.000Z",,TRUE,,0,5,"http://reviews.bestbuy.com/3545/5620406/reviews.htm?format=embedded&page=303,http://reviews.bestbuy.com/3545/5620406/reviews.htm?format=embedded&page=270",Easy setup and connect to WIFI. Great viewing area. Easy to read in bright places.,Great Price for the reader,,,Dtweeter
AVqkIhwDv8e3D1O-lebb,"All-New Fire HD 8 Tablet, 8 HD Display, Wi-Fi, 16 GB - Includes Special Offers, Magenta",B01AHB9CN2,Amazon,"Electronics,iPad & Tablets,All Tablets,Fire Tablets,Tablets,Computers & Tablets","841667104676,amazon/53004484,amazon/b01ahb9cn2,0841667104676,allnewfirehd8tablet8hddisplaywifi16gbincludesspecialoffersmagenta/5620406,allnewfirehd8tablet8hddisplaywifi16gbincludesspecialoffersmagenta/b01ahb9cn2",Amazon,2016-12-16T00:00:00.000Z,2017-07-03T22:38:47Z,"2017-06-07T09:00:00.000Z,2017-04-30T00:44:00.000Z",,TRUE,,0,5,"http://reviews.bestbuy.com/3545/5620406/reviews.htm?format=embedded&page=303,http://reviews.bestbuy.com/3545/5620406/reviews.htm?format=embedded&page=270",I got this fire for my friend who wants to buy kindle..this serves both Kindle and Tab... very nice and very cheap..worth for what i paid.. I highly recommend this for beginners,Great Tab!!!!,,,Moorthy
AVqkIhwDv8e3D1O-lebb,"All-New Fire HD 8 Tablet, 8 HD Display, Wi-Fi, 16 GB - Includes Special Offers, Magenta",B01AHB9CN2,Amazon,"Electronics,iPad & Tablets,All Tablets,Fire Tablets,Tablets,Computers & Tablets","841667104676,amazon/53004484,amazon/b01ahb9cn2,0841667104676,allnewfirehd8tablet8hddisplaywifi16gbincludesspecialoffersmagenta/5620406,allnewfirehd8tablet8hddisplaywifi16gbincludesspecialoffersmagenta/b01ahb9cn2",Amazon,2016-12-16T00:00:00.000Z,2017-07-03T22:38:47Z,"2017-06-07T09:00:00.000Z,2017-04-30T00:44:00.000Z",,TRUE,,0,5,"http://reviews.bestbuy.com/3545/5620406/reviews.htm?format=embedded&page=303,http://reviews.bestbuy.com/3545/5620406/reviews.htm?format=embedded&page=270",Really enjoyed the price value of this tablet versus ipad,Awesome tablet for kids,,,Ediddy
AVqkIhwDv8e3D1O-lebb,"All-New Fire HD 8 Tablet, 8 HD Display, Wi-Fi, 16 GB - Includes Special Offers, Magenta",B01AHB9CN2,Amazon,"Electronics,iPad & Tablets,All Tablets,Fire Tablets,Tablets,Computers & Tablets","841667104676,amazon/53004484,amazon/b01ahb9cn2,0841667104676,allnewfirehd8tablet8hddisplaywifi16gbincludesspecialoffersmagenta/5620406,allnewfirehd8tablet8hddisplaywifi16gbincludesspecialoffersmagenta/b01ahb9cn2",Amazon,2016-12-15T00:00:00.000Z,2017-07-03T22:38:47Z,"2017-06-07T09:00:00.000Z,2017-04-30T00:44:00.000Z",,TRUE,,0,5,"http://reviews.bestbuy.com/3545/5620406/reviews.htm?format=embedded&page=303,http://reviews.bestbuy.com/3545/5620406/reviews.htm?format=embedded&page=270",Amazing tablet with fast processor. It looks great... got good deal,Great basic tab,,,Surya
AVqkIhwDv8e3D1O-lebb,"All-New Fire HD 8 Tablet, 8 HD Display, Wi-Fi, 16 GB - Includes Special Offers, Magenta",B01AHB9CN2,Amazon,"Electronics,iPad & Tablets,All Tablets,Fire Tablets,Tablets,Computers & Tablets","841667104676,amazon/53004484,amazon/b01ahb9cn2,0841667104676,allnewfirehd8tablet8hddisplaywifi16gbincludesspecialoffersmagenta/5620406,allnewfirehd8tablet8hddisplaywifi16gbincludesspecialoffersmagenta/b01ahb9cn2",Amazon,2017-06-03T00:00:00.000Z,2017-06-21T11:22:01Z,"2017-06-04T04:29:00.000Z,2017-06-07T09:02:00.000Z",,TRUE,,0,5,"http://reviews.bestbuy.com/3545/5620406/reviews.htm?format=embedded,http://reviews.bestbuy.com/3545/5620406/reviews.htm?format=embedded&page=2",We got this for our 5 year old and this is really great for the price. Works like a charm!!,Good tablets for kids,,,SandeepMeenu
AVqkIhwDv8e3D1O-lebb,"All-New Fire HD 8 Tablet, 8 HD Display, Wi-Fi, 16 GB - Includes Special Offers, Magenta",B01AHB9CN2,Amazon,"Electronics,iPad & Tablets,All Tablets,Fire Tablets,Tablets,Computers & Tablets","841667104676,amazon/53004484,amazon/b01ahb9cn2,0841667104676,allnewfirehd8tablet8hddisplaywifi16gbincludesspecialoffersmagenta/5620406,allnewfirehd8tablet8hddisplaywifi16gbincludesspecialoffersmagenta/b01ahb9cn2",Amazon,2017-06-03T00:00:00.000Z,2017-06-21T11:22:01Z,"2017-06-04T04:29:00.000Z,2017-06-07T09:02:00.000Z",,TRUE,,0,5,"http://reviews.bestbuy.com/3545/5620406/reviews.htm?format=embedded,http://reviews.bestbuy.com/3545/5620406/reviews.htm?format=embedded&page=2","I find it easy to use, but the kindle does not come with instructions, so you have to find your way around.",I love my kindle......best investment I have made,,,Magoo
AVqkIhwDv8e3D1O-lebb,"All-New Fire HD 8 Tablet, 8 HD Display, Wi-Fi, 16 GB - Includes Special Offers, Magenta",B01AHB9CN2,Amazon,"Electronics,iPad & Tablets,All Tablets,Fire Tablets,Tablets,Computers & Tablets","841667104676,amazon/53004484,amazon/b01ahb9cn2,0841667104676,allnewfirehd8tablet8hddisplaywifi16gbincludesspecialoffersmagenta/5620406,allnewfirehd8tablet8hddisplaywifi16gbincludesspecialoffersmagenta/b01ahb9cn2",Amazon,2017-05-09T00:00:00.000Z,2017-05-23T05:56:47Z,"2017-05-10T07:03:00.000Z,2017-06-07T09:03:00.000Z",,TRUE,,0,4,"http://reviews.bestbuy.com/3545/5620406/reviews.htm?format=embedded,http://reviews.bestbuy.com/3545/5620406/reviews.htm?format=embedded&page=28","I bought this because I was tired of watching Youtube and Twitch on my phone. Excellent display sound is decent-not great but you can always buy a speaker. The negatives are-it is definitely a fingerprint magnet, and the Spectrum TV app is AWFUL-the app works fine on my phone, but for some reason on this tablet it freezes and is unusable. All things considered, for 65 bucks it's hard to be beat.",Excellent for it's price point.,,,cbranham26
AVqkIhwDv8e3D1O-lebb,"All-New Fire HD 8 Tablet, 8 HD Display, Wi-Fi, 16 GB - Includes Special Offers, Magenta",B01AHB9CN2,Amazon,"Electronics,iPad & Tablets,All Tablets,Fire Tablets,Tablets,Computers & Tablets","841667104676,amazon/53004484,amazon/b01ahb9cn2,0841667104676,allnewfirehd8tablet8hddisplaywifi16gbincludesspecialoffersmagenta/5620406,allnewfirehd8tablet8hddisplaywifi16gbincludesspecialoffersmagenta/b01ahb9cn2",Amazon,2017-05-09T00:00:00.000Z,2017-05-23T05:56:47Z,"2017-05-10T07:03:00.000Z,2017-06-07T09:03:00.000Z",,TRUE,,0,5,"http://reviews.bestbuy.com/3545/5620406/reviews.htm?format=embedded,http://reviews.bestbuy.com/3545/5620406/reviews.htm?format=embedded&page=28","I love this tablet. The battery life last a long time. I use my Amazon Kindle Fire predominately for watching movies on Amazon Prime, Netflix's, and checking my emails. I also carry it to my appointments and meetings. It is a compact tablet, and not big and bulky. The playback of the movies are great, and the movies are HD. Great little tablet if you are looking for something to watch movies and checking emails. I would definitely recommend this tablet to friends and family members.",Excellent HD8 16GB Tablet,,,911got2buy
AVqkIhwDv8e3D1O-lebb,"All-New Fire HD 8 Tablet, 8 HD Display, Wi-Fi, 16 GB - Includes Special Offers, Magenta",B01AHB9CN2,Amazon,"Electronics,iPad & Tablets,All Tablets,Fire Tablets,Tablets,Computers & Tablets","841667104676,amazon/53004484,amazon/b01ahb9cn2,0841667104676,allnewfirehd8tablet8hddisplaywifi16gbincludesspecialoffersmagenta/5620406,allnewfirehd8tablet8hddisplaywifi16gbincludesspecialoffersmagenta/b01ahb9cn2",Amazon,2017-05-08T00:00:00.000Z,2017-05-23T05:56:47Z,"2017-05-10T07:03:00.000Z,2017-06-07T09:03:00.000Z",,TRUE,,0,5,"http://reviews.bestbuy.com/3545/5620406/reviews.htm?format=embedded,http://reviews.bestbuy.com/3545/5620406/reviews.htm?format=embedded&page=28","My daughter loves this kindle, she does so much with it,well worth the money.",Kindle fire hd,,,tinkerbell
AVqkIhwDv8e3D1O-lebb,"All-New Fire HD 8 Tablet, 8 HD Display, Wi-Fi, 16 GB - Includes Special Offers, Magenta",B01AHB9CN2,Amazon,"Electronics,iPad & Tablets,All Tablets,Fire Tablets,Tablets,Computers & Tablets","841667104676,amazon/53004484,amazon/b01ahb9cn2,0841667104676,allnewfirehd8tablet8hddisplaywifi16gbincludesspecialoffersmagenta/5620406,allnewfirehd8tablet8hddisplaywifi16gbincludesspecialoffersmagenta/b01ahb9cn2",Amazon,2017-05-08T00:00:00.000Z,2017-05-23T05:56:47Z,"2017-05-10T07:03:00.000Z,2017-06-07T09:03:00.000Z",,TRUE,,0,5,"http://reviews.bestbuy.com/3545/5620406/reviews.htm?format=embedded,http://reviews.bestbuy.com/3545/5620406/reviews.htm?format=embedded&page=29",Was looking for a tablet that was highly portable & could run my DIRECTTV app & stream videos. (Other electronics I have are much older versions). Salesman recommended this model to me based on personal experience. I am still learning all its functions but so far it seems easy to use & is doing what it promised to do.,First Amazon FIRE,,,CarolDD
AVqkIhwDv8e3D1O-lebb,"All-New Fire HD 8 Tablet, 8 HD Display, Wi-Fi, 16 GB - Includes Special Offers, Magenta",B01AHB9CN2,Amazon,"Electronics,iPad & Tablets,All Tablets,Fire Tablets,Tablets,Computers & Tablets","841667104676,amazon/53004484,amazon/b01ahb9cn2,0841667104676,allnewfirehd8tablet8hddisplaywifi16gbincludesspecialoffersmagenta/5620406,allnewfirehd8tablet8hddisplaywifi16gbincludesspecialoffersmagenta/b01ahb9cn2",Amazon,2017-05-08T00:00:00.000Z,2017-05-23T05:56:47Z,"2017-05-10T07:03:00.000Z,2017-06-07T09:03:00.000Z",,TRUE,,0,5,"http://reviews.bestbuy.com/3545/5620406/reviews.htm?format=embedded,http://reviews.bestbuy.com/3545/5620406/reviews.htm?format=embedded&page=29","This is my second Fire, the other one is now retired. I like having HD. Works just fine.",good price,,,Duke
AVqkIhwDv8e3D1O-lebb,"All-New Fire HD 8 Tablet, 8 HD Display, Wi-Fi, 16 GB - Includes Special Offers, Magenta",B01AHB9CN2,Amazon,"Electronics,iPad & Tablets,All Tablets,Fire Tablets,Tablets,Computers & Tablets","841667104676,amazon/53004484,amazon/b01ahb9cn2,0841667104676,allnewfirehd8tablet8hddisplaywifi16gbincludesspecialoffersmagenta/5620406,allnewfirehd8tablet8hddisplaywifi16gbincludesspecialoffersmagenta/b01ahb9cn2",Amazon,2017-05-07T00:00:00.000Z,2017-05-23T05:56:47Z,"2017-05-10T07:03:00.000Z,2017-06-07T09:03:00.000Z",,TRUE,,0,5,"http://reviews.bestbuy.com/3545/5620406/reviews.htm?format=embedded,http://reviews.bestbuy.com/3545/5620406/reviews.htm?format=embedded&page=29",My wife bought this for me for my birthday. I enjoy reading biographys which usually have color photos. The regular Kindle make the pics black and white or they're aren't any. This allows me to see the color photos. I also love the night feature when I'm in bed reading. I no longer need a light on to read or need to hold a large book.,Love it,,,Craig
AVqkIhwDv8e3D1O-lebb,"All-New Fire HD 8 Tablet, 8 HD Display, Wi-Fi, 16 GB - Includes Special Offers, Magenta",B01AHB9CN2,Amazon,"Electronics,iPad & Tablets,All Tablets,Fire Tablets,Tablets,Computers & Tablets","841667104676,amazon/53004484,amazon/b01ahb9cn2,0841667104676,allnewfirehd8tablet8hddisplaywifi16gbincludesspecialoffersmagenta/5620406,allnewfirehd8tablet8hddisplaywifi16gbincludesspecialoffersmagenta/b01ahb9cn2",Amazon,2017-05-07T00:00:00.000Z,2017-05-23T05:56:47Z,"2017-05-10T07:03:00.000Z,2017-06-07T09:03:00.000Z",,TRUE,,0,5,"http://reviews.bestbuy.com/3545/5620406/reviews.htm?format=embedded,http://reviews.bestbuy.com/3545/5620406/reviews.htm?format=embedded&page=29","Thanks to a knowledgeable, low-pressure salesperson, I was ready to buy my first tablet. This one was the right price (on sale) and I have not been disappointed. Every few days I learn more ways to use it besides checking e-mails & checking out library books & audio books. It stays charged for days, even with regular use. I recommend it as an inexpensive and very satisfactory alternative to more expensive tablets.",Easy to learn to use its many features.,,,AnneG
AVqkIhwDv8e3D1O-lebb,"All-New Fire HD 8 Tablet, 8 HD Display, Wi-Fi, 16 GB - Includes Special Offers, Magenta",B01AHB9CN2,Amazon,"Electronics,iPad & Tablets,All Tablets,Fire Tablets,Tablets,Computers & Tablets","841667104676,amazon/53004484,amazon/b01ahb9cn2,0841667104676,allnewfirehd8tablet8hddisplaywifi16gbincludesspecialoffersmagenta/5620406,allnewfirehd8tablet8hddisplaywifi16gbincludesspecialoffersmagenta/b01ahb9cn2",Amazon,2017-05-07T00:00:00.000Z,2017-05-23T05:56:47Z,"2017-05-10T07:03:00.000Z,2017-06-07T09:03:00.000Z",,TRUE,,0,5,"http://reviews.bestbuy.com/3545/5620406/reviews.htm?format=embedded,http://reviews.bestbuy.com/3545/5620406/reviews.htm?format=embedded&page=29","It's a great tablet for the price. Don't expect it to be as fast more expensive ones. It's meant for casual use and it does a great job at that. For the price, you can't beat it. Get a nice large microsd card and you don't have to worry about space. It runs a little slow on certain things if you are multitasking but it's a simple tablet. I've run plenty of 720p videos without fail. It's great for ebooks or other files. Some more elaborate pdfs take a while to load if they have a lol of graphics. Battery life seems good for a small table too.The only real Issue I have is the Amazon App store being limited. It is an offshoot of Android but not all the same apps are available. There is a way around it but I wish they would just allow it access to Google Play or at least offer the same apps.So, it's a nice inexpensive table that works great. For the money, you will love it but don't get upset that is doesn't run as fast as a $500 tablet. That's not its job.",Great little tablet,,,MRpopo
AVqkIhwDv8e3D1O-lebb,"All-New Fire HD 8 Tablet, 8 HD Display, Wi-Fi, 16 GB - Includes Special Offers, Magenta",B01AHB9CN2,Amazon,"Electronics,iPad & Tablets,All Tablets,Fire Tablets,Tablets,Computers & Tablets","841667104676,amazon/53004484,amazon/b01ahb9cn2,0841667104676,allnewfirehd8tablet8hddisplaywifi16gbincludesspecialoffersmagenta/5620406,allnewfirehd8tablet8hddisplaywifi16gbincludesspecialoffersmagenta/b01ahb9cn2",Amazon,2017-01-06T00:00:00.000Z,2017-05-21T06:03:59Z,"2017-04-30T00:45:00.000Z,2017-06-07T09:03:00.000Z",,TRUE,,0,4,"http://reviews.bestbuy.com/3545/5620406/reviews.htm?format=embedded&page=195,http://reviews.bestbuy.com/3545/5620406/reviews.htm?format=embedded&page=228",Bought it for my 10 yr old granddaughter. Does everything she wants it to do in a tablet.,Granddaughter loves it!,,,Boopette
AVqkIhwDv8e3D1O-lebb,"All-New Fire HD 8 Tablet, 8 HD Display, Wi-Fi, 16 GB - Includes Special Offers, Magenta",B01AHB9CN2,Amazon,"Electronics,iPad & Tablets,All Tablets,Fire Tablets,Tablets,Computers & Tablets","841667104676,amazon/53004484,amazon/b01ahb9cn2,0841667104676,allnewfirehd8tablet8hddisplaywifi16gbincludesspecialoffersmagenta/5620406,allnewfirehd8tablet8hddisplaywifi16gbincludesspecialoffersmagenta/b01ahb9cn2",Amazon,2017-01-06T00:00:00.000Z,2017-05-21T06:03:59Z,"2017-04-30T00:45:00.000Z,2017-06-07T09:03:00.000Z",,TRUE,,0,5,"http://reviews.bestbuy.com/3545/5620406/reviews.htm?format=embedded&page=195,http://reviews.bestbuy.com/3545/5620406/reviews.htm?format=embedded&page=228",Very easy to use tablet. Lots of apps and game available.,Easy to use,,,Ebald
AVqkIhwDv8e3D1O-lebb,"All-New Fire HD 8 Tablet, 8 HD Display, Wi-Fi, 16 GB - Includes Special Offers, Magenta",B01AHB9CN2,Amazon,"Electronics,iPad & Tablets,All Tablets,Fire Tablets,Tablets,Computers & Tablets","841667104676,amazon/53004484,amazon/b01ahb9cn2,0841667104676,allnewfirehd8tablet8hddisplaywifi16gbincludesspecialoffersmagenta/5620406,allnewfirehd8tablet8hddisplaywifi16gbincludesspecialoffersmagenta/b01ahb9cn2",Amazon,2017-01-06T00:00:00.000Z,2017-05-21T06:03:59Z,"2017-04-30T00:45:00.000Z,2017-06-07T09:03:00.000Z",,TRUE,,0,5,"http://reviews.bestbuy.com/3545/5620406/reviews.htm?format=embedded&page=195,http://reviews.bestbuy.com/3545/5620406/reviews.htm?format=embedded&page=228","We love the FreeTime settings for kids on the newer Kindle Fires. I was able to create a login for each of our kids as well as myself and set limits to the amount of device time they are allowed daily (can set to more for weekends if desired). You can set the age restrictions for content also, to avoid inappropriate ads, etc. Once you've downloaded apps, you can choose which ones you want each child to have access to in their profile settings, so if one child is older you can allow them access to something their younger siblings shouldn't have. Basically, I like that I can set their access rights and know they're safe so I don't have to continually monitor every moment. By the way, FreeTime kids settings are available without having to subscribe to their FreeTime app access plan. :)",Great tablet for kids!,,,TJMilw
AVqkIhwDv8e3D1O-lebb,"All-New Fire HD 8 Tablet, 8 HD Display, Wi-Fi, 16 GB - Includes Special Offers, Magenta",B01AHB9CN2,Amazon,"Electronics,iPad & Tablets,All Tablets,Fire Tablets,Tablets,Computers & Tablets","841667104676,amazon/53004484,amazon/b01ahb9cn2,0841667104676,allnewfirehd8tablet8hddisplaywifi16gbincludesspecialoffersmagenta/5620406,allnewfirehd8tablet8hddisplaywifi16gbincludesspecialoffersmagenta/b01ahb9cn2",Amazon,2017-01-06T00:00:00.000Z,2017-05-21T06:03:59Z,"2017-04-30T00:45:00.000Z,2017-06-07T09:03:00.000Z",,TRUE,,0,5,"http://reviews.bestbuy.com/3545/5620406/reviews.htm?format=embedded&page=195,http://reviews.bestbuy.com/3545/5620406/reviews.htm?format=embedded&page=228","Great tablet, very clear picture. Would buy again.",Love it!,,,Sandi987
AVqkIhwDv8e3D1O-lebb,"All-New Fire HD 8 Tablet, 8 HD Display, Wi-Fi, 16 GB - Includes Special Offers, Magenta",B01AHB9CN2,Amazon,"Electronics,iPad & Tablets,All Tablets,Fire Tablets,Tablets,Computers & Tablets","841667104676,amazon/53004484,amazon/b01ahb9cn2,0841667104676,allnewfirehd8tablet8hddisplaywifi16gbincludesspecialoffersmagenta/5620406,allnewfirehd8tablet8hddisplaywifi16gbincludesspecialoffersmagenta/b01ahb9cn2",Amazon,2017-01-06T00:00:00.000Z,2017-05-21T06:03:59Z,"2017-04-30T00:45:00.000Z,2017-06-07T09:03:00.000Z",,TRUE,,0,4,"http://reviews.bestbuy.com/3545/5620406/reviews.htm?format=embedded&page=195,http://reviews.bestbuy.com/3545/5620406/reviews.htm?format=embedded&page=228",Good reader which is why I bought it. Ads are annoying.,"Good, not great",,,smart1
AVqkIhwDv8e3D1O-lebb,"All-New Fire HD 8 Tablet, 8 HD Display, Wi-Fi, 16 GB - Includes Special Offers, Magenta",B01AHB9CN2,Amazon,"Electronics,iPad & Tablets,All Tablets,Fire Tablets,Tablets,Computers & Tablets","841667104676,amazon/53004484,amazon/b01ahb9cn2,0841667104676,allnewfirehd8tablet8hddisplaywifi16gbincludesspecialoffersmagenta/5620406,allnewfirehd8tablet8hddisplaywifi16gbincludesspecialoffersmagenta/b01ahb9cn2",Amazon,2017-01-06T00:00:00.000Z,2017-05-21T06:03:59Z,"2017-04-30T00:45:00.000Z,2017-06-07T09:03:00.000Z",,TRUE,,0,4,"http://reviews.bestbuy.com/3545/5620406/reviews.htm?format=embedded&page=195,http://reviews.bestbuy.com/3545/5620406/reviews.htm?format=embedded&page=228","It's a mini computer packed in a handheld devise. Applications load quickly and I am able to get my work completed, while riding the commuter rail.",Think it is a good product,,,Forshizzlemynizzle
AVqkIhwDv8e3D1O-lebb,"All-New Fire HD 8 Tablet, 8 HD Display, Wi-Fi, 16 GB - Includes Special Offers, Magenta",B01AHB9CN2,Amazon,"Electronics,iPad & Tablets,All Tablets,Fire Tablets,Tablets,Computers & Tablets","841667104676,amazon/53004484,amazon/b01ahb9cn2,0841667104676,allnewfirehd8tablet8hddisplaywifi16gbincludesspecialoffersmagenta/5620406,allnewfirehd8tablet8hddisplaywifi16gbincludesspecialoffersmagenta/b01ahb9cn2",Amazon,2017-01-06T00:00:00.000Z,2017-05-21T06:03:59Z,"2017-04-30T00:45:00.000Z,2017-06-07T09:03:00.000Z",,TRUE,,0,4,"http://reviews.bestbuy.com/3545/5620406/reviews.htm?format=embedded&page=195,http://reviews.bestbuy.com/3545/5620406/reviews.htm?format=embedded&page=228",Nice for a smaller tablet. It's good for Internet surfing.,User friendly,,,Amylynn88
AVqkIhwDv8e3D1O-lebb,"All-New Fire HD 8 Tablet, 8 HD Display, Wi-Fi, 16 GB - Includes Special Offers, Magenta",B01AHB9CN2,Amazon,"Electronics,iPad & Tablets,All Tablets,Fire Tablets,Tablets,Computers & Tablets","841667104676,amazon/53004484,amazon/b01ahb9cn2,0841667104676,allnewfirehd8tablet8hddisplaywifi16gbincludesspecialoffersmagenta/5620406,allnewfirehd8tablet8hddisplaywifi16gbincludesspecialoffersmagenta/b01ahb9cn2",Amazon,2017-01-06T00:00:00.000Z,2017-05-21T06:03:59Z,"2017-04-30T00:45:00.000Z,2017-06-07T09:03:00.000Z",,TRUE,,0,5,"http://reviews.bestbuy.com/3545/5620406/reviews.htm?format=embedded&page=195,http://reviews.bestbuy.com/3545/5620406/reviews.htm?format=embedded&page=229","Purchased as a door prize gift given with a one year Amazon membership. The recipient loves it and says it performs very well. (As a past Amazon Fire user, now i-Pad graduate, I loved my Amazon Fire for more than 4 years without any problems. In fact, I just recycled it on to my son and it runs like a champ).",Excellent -- purchased for door prize,,,PJWSTKTN
AVqkIhwDv8e3D1O-lebb,"All-New Fire HD 8 Tablet, 8 HD Display, Wi-Fi, 16 GB - Includes Special Offers, Magenta",B01AHB9CN2,Amazon,"Electronics,iPad & Tablets,All Tablets,Fire Tablets,Tablets,Computers & Tablets","841667104676,amazon/53004484,amazon/b01ahb9cn2,0841667104676,allnewfirehd8tablet8hddisplaywifi16gbincludesspecialoffersmagenta/5620406,allnewfirehd8tablet8hddisplaywifi16gbincludesspecialoffersmagenta/b01ahb9cn2",Amazon,2017-01-06T00:00:00.000Z,2017-05-21T06:03:51Z,"2017-04-30T00:45:00.000Z,2017-06-07T09:03:00.000Z",,TRUE,,0,5,"http://reviews.bestbuy.com/3545/5620406/reviews.htm?format=embedded&page=191,http://reviews.bestbuy.com/3545/5620406/reviews.htm?format=embedded&page=224","I have 4 other kinds of tables. This the best I have had. I can listen to music, read a book, listen to a book, or watch movies/tv shows.",Very versatile tablet.,,,MichVoss
